timestamp,district_id,water_consumption_m3,pressure_bar,leak_detected,quality_index
2026-05-01 00:00:00,Rajwada Central,79.23,4.0,0,98.8
2026-05-01 00:00:00,Vijay Nagar,131.6,3.76,0,98.4
2026-05-01 00:00:00,Palasia,95.67,4.12,0,97.3
2026-05-01 00:00:00,Sudama Nagar,85.39,3.27,0,97.9
2026-05-01 00:00:00,Bhawarkua,80.89,4.18,0,97.6
2026-05-01 04:00:00,Rajwada Central,207.79,3.88,0,96.5
2026-05-01 04:00:00,Vijay Nagar,335.35,4.05,0,96.5
2026-05-01 04:00:00,Palasia,275.32,3.9,0,95.8
2026-05-01 04:00:00,Sudama Nagar,211.14,4.56,0,95.6
2026-05-01 04:00:00,Bhawarkua,202.5,4.32,0,97.7
2026-05-01 08:00:00,Rajwada Central,211.45,4.01,0,93.8
2026-05-01 08:00:00,Vijay Nagar,339.09,4.11,0,98.4
2026-05-01 08:00:00,Palasia,254.99,4.5,0,96.6
2026-05-01 08:00:00,Sudama Nagar,198.21,3.78,0,98.3
2026-05-01 08:00:00,Bhawarkua,190.85,4.19,0,96.0
2026-05-01 12:00:00,Rajwada Central,81.07,3.54,0,97.9
2026-05-01 12:00:00,Vijay Nagar,132.6,4.17,0,96.8
2026-05-01 12:00:00,Palasia,111.93,3.99,0,97.9
2026-05-01 12:00:00,Sudama Nagar,88.01,4.06,0,95.9
2026-05-01 12:00:00,Bhawarkua,99.26,1.65,1,92.7
2026-05-01 16:00:00,Rajwada Central,158.96,4.01,0,96.3
2026-05-01 16:00:00,Vijay Nagar,236.92,4.04,0,99.2
2026-05-01 16:00:00,Palasia,193.67,4.36,0,97.3
2026-05-01 16:00:00,Sudama Nagar,156.35,3.86,0,96.8
2026-05-01 16:00:00,Bhawarkua,139.63,4.09,0,96.7
2026-05-01 20:00:00,Rajwada Central,153.92,3.7,0,97.5
2026-05-01 20:00:00,Vijay Nagar,248.43,4.04,0,97.5
2026-05-01 20:00:00,Palasia,190.75,5.14,0,97.6
2026-05-01 20:00:00,Sudama Nagar,150.86,4.22,0,96.4
2026-05-01 20:00:00,Bhawarkua,142.95,4.24,0,98.1
2026-05-02 00:00:00,Rajwada Central,95.9,3.57,0,96.8
2026-05-02 00:00:00,Vijay Nagar,138.36,4.22,0,97.6
2026-05-02 00:00:00,Palasia,95.39,4.15,0,97.4
2026-05-02 00:00:00,Sudama Nagar,85.42,3.67,0,95.9
2026-05-02 00:00:00,Bhawarkua,103.35,4.3,0,96.9
2026-05-02 04:00:00,Rajwada Central,203.45,4.67,0,97.1
2026-05-02 04:00:00,Vijay Nagar,334.6,3.76,0,96.7
2026-05-02 04:00:00,Palasia,243.81,4.16,0,98.5
2026-05-02 04:00:00,Sudama Nagar,219.24,3.79,0,94.2
2026-05-02 04:00:00,Bhawarkua,208.07,4.4,0,95.1
2026-05-02 08:00:00,Rajwada Central,199.52,4.11,0,96.0
2026-05-02 08:00:00,Vijay Nagar,315.26,3.78,0,96.3
2026-05-02 08:00:00,Palasia,241.37,4.32,0,98.9
2026-05-02 08:00:00,Sudama Nagar,204.35,4.22,0,95.2
2026-05-02 08:00:00,Bhawarkua,202.3,3.83,0,97.5
2026-05-02 12:00:00,Rajwada Central,49.22,3.91,0,97.8
2026-05-02 12:00:00,Vijay Nagar,137.26,4.23,0,96.3
2026-05-02 12:00:00,Palasia,71.72,4.33,0,97.9
2026-05-02 12:00:00,Sudama Nagar,100.43,4.02,0,97.5
2026-05-02 12:00:00,Bhawarkua,109.55,3.44,0,97.5
2026-05-02 16:00:00,Rajwada Central,164.21,4.06,0,97.1
2026-05-02 16:00:00,Vijay Nagar,228.6,4.44,0,98.3
2026-05-02 16:00:00,Palasia,208.99,3.99,0,96.6
2026-05-02 16:00:00,Sudama Nagar,149.52,4.51,0,96.7
2026-05-02 16:00:00,Bhawarkua,167.38,3.96,0,96.0
2026-05-02 20:00:00,Rajwada Central,124.67,4.17,0,97.9
2026-05-02 20:00:00,Vijay Nagar,232.59,4.44,0,95.3
2026-05-02 20:00:00,Palasia,202.1,4.23,0,98.3
2026-05-02 20:00:00,Sudama Nagar,125.95,4.32,0,96.8
2026-05-02 20:00:00,Bhawarkua,145.52,4.25,0,98.2
2026-05-03 00:00:00,Rajwada Central,57.74,3.61,0,98.4
2026-05-03 00:00:00,Vijay Nagar,140.1,4.05,0,95.8
2026-05-03 00:00:00,Palasia,110.87,4.37,0,99.8
2026-05-03 00:00:00,Sudama Nagar,77.35,4.26,0,99.2
2026-05-03 00:00:00,Bhawarkua,64.22,4.54,0,97.2
2026-05-03 04:00:00,Rajwada Central,204.9,3.84,0,96.6
2026-05-03 04:00:00,Vijay Nagar,327.06,3.71,0,97.5
2026-05-03 04:00:00,Palasia,277.35,3.69,0,96.2
2026-05-03 04:00:00,Sudama Nagar,207.08,3.67,0,97.3
2026-05-03 04:00:00,Bhawarkua,200.76,3.51,0,97.6
2026-05-03 08:00:00,Rajwada Central,197.27,4.31,0,96.8
2026-05-03 08:00:00,Vijay Nagar,327.46,3.99,0,98.5
2026-05-03 08:00:00,Palasia,286.1,4.18,0,96.3
2026-05-03 08:00:00,Sudama Nagar,204.39,3.97,0,96.8
2026-05-03 08:00:00,Bhawarkua,200.95,3.71,0,98.2
2026-05-03 12:00:00,Rajwada Central,91.93,4.01,0,98.5
2026-05-03 12:00:00,Vijay Nagar,141.49,3.67,0,96.6
2026-05-03 12:00:00,Palasia,123.36,3.89,0,96.2
2026-05-03 12:00:00,Sudama Nagar,90.27,3.92,0,97.7
2026-05-03 12:00:00,Bhawarkua,81.17,3.76,0,96.2
2026-05-03 16:00:00,Rajwada Central,129.37,3.67,0,97.8
2026-05-03 16:00:00,Vijay Nagar,260.87,3.82,0,95.4
2026-05-03 16:00:00,Palasia,207.25,4.35,0,97.9
2026-05-03 16:00:00,Sudama Nagar,132.19,4.15,0,97.7
2026-05-03 16:00:00,Bhawarkua,160.41,4.05,0,96.1
2026-05-03 20:00:00,Rajwada Central,144.75,4.35,0,97.5
2026-05-03 20:00:00,Vijay Nagar,230.7,4.51,0,98.4
2026-05-03 20:00:00,Palasia,213.55,4.34,0,95.9
2026-05-03 20:00:00,Sudama Nagar,153.56,4.18,0,95.4
2026-05-03 20:00:00,Bhawarkua,135.53,4.22,0,98.0
2026-05-04 00:00:00,Rajwada Central,110.02,3.92,0,95.0
2026-05-04 00:00:00,Vijay Nagar,132.59,4.25,0,96.6
2026-05-04 00:00:00,Palasia,106.82,3.81,0,98.4
2026-05-04 00:00:00,Sudama Nagar,90.54,3.75,0,96.4
2026-05-04 00:00:00,Bhawarkua,73.45,3.44,0,96.1
2026-05-04 04:00:00,Rajwada Central,182.73,4.28,0,98.2
2026-05-04 04:00:00,Vijay Nagar,332.41,4.06,0,98.3
2026-05-04 04:00:00,Palasia,273.41,4.6,0,97.3
2026-05-04 04:00:00,Sudama Nagar,221.43,4.03,0,96.9
2026-05-04 04:00:00,Bhawarkua,212.14,4.17,0,96.3
2026-05-04 08:00:00,Rajwada Central,252.35,1.81,1,88.7
2026-05-04 08:00:00,Vijay Nagar,332.31,3.71,0,96.3
2026-05-04 08:00:00,Palasia,254.66,4.23,0,97.5
2026-05-04 08:00:00,Sudama Nagar,204.64,3.88,0,98.2
2026-05-04 08:00:00,Bhawarkua,214.81,3.97,0,98.6
2026-05-04 12:00:00,Rajwada Central,79.33,4.06,0,96.3
2026-05-04 12:00:00,Vijay Nagar,129.68,3.81,0,97.8
2026-05-04 12:00:00,Palasia,110.11,3.68,0,97.7
2026-05-04 12:00:00,Sudama Nagar,103.12,3.8,0,96.1
2026-05-04 12:00:00,Bhawarkua,81.7,4.41,0,96.5
2026-05-04 16:00:00,Rajwada Central,171.7,3.68,0,97.2
2026-05-04 16:00:00,Vijay Nagar,225.98,3.72,0,96.7
2026-05-04 16:00:00,Palasia,196.84,4.37,0,96.2
2026-05-04 16:00:00,Sudama Nagar,154.65,3.6,0,98.2
2026-05-04 16:00:00,Bhawarkua,165.32,4.31,0,98.2
2026-05-04 20:00:00,Rajwada Central,148.5,4.08,0,96.9
2026-05-04 20:00:00,Vijay Nagar,245.85,3.78,0,97.3
2026-05-04 20:00:00,Palasia,198.61,4.3,0,97.5
2026-05-04 20:00:00,Sudama Nagar,160.17,3.78,0,98.7
2026-05-04 20:00:00,Bhawarkua,146.7,3.39,0,96.5
2026-05-05 00:00:00,Rajwada Central,88.52,4.02,0,94.7
2026-05-05 00:00:00,Vijay Nagar,136.98,4.04,0,95.8
2026-05-05 00:00:00,Palasia,112.37,3.96,0,94.7
2026-05-05 00:00:00,Sudama Nagar,89.94,4.05,0,98.8
2026-05-05 00:00:00,Bhawarkua,92.59,1.75,1,92.3
2026-05-05 04:00:00,Rajwada Central,193.01,4.31,0,98.3
2026-05-05 04:00:00,Vijay Nagar,339.77,3.95,0,96.2
2026-05-05 04:00:00,Palasia,255.35,4.09,0,93.5
2026-05-05 04:00:00,Sudama Nagar,197.32,3.79,0,95.8
2026-05-05 04:00:00,Bhawarkua,206.23,3.56,0,98.4
2026-05-05 08:00:00,Rajwada Central,214.96,4.41,0,96.4
2026-05-05 08:00:00,Vijay Nagar,338.49,4.25,0,96.8
2026-05-05 08:00:00,Palasia,257.2,4.04,0,96.8
2026-05-05 08:00:00,Sudama Nagar,191.15,3.29,0,95.9
2026-05-05 08:00:00,Bhawarkua,175.68,3.74,0,98.7
2026-05-05 12:00:00,Rajwada Central,59.42,4.13,0,98.5
2026-05-05 12:00:00,Vijay Nagar,115.53,4.54,0,96.9
2026-05-05 12:00:00,Palasia,121.9,4.08,0,96.4
2026-05-05 12:00:00,Sudama Nagar,46.71,3.67,0,97.8
2026-05-05 12:00:00,Bhawarkua,100.05,3.58,0,96.9
2026-05-05 16:00:00,Rajwada Central,144.25,4.13,0,97.1
2026-05-05 16:00:00,Vijay Nagar,241.94,4.19,0,96.2
2026-05-05 16:00:00,Palasia,193.73,4.23,0,96.1
2026-05-05 16:00:00,Sudama Nagar,145.29,3.83,0,97.5
2026-05-05 16:00:00,Bhawarkua,153.79,3.84,0,97.4
2026-05-05 20:00:00,Rajwada Central,115.86,4.25,0,98.1
2026-05-05 20:00:00,Vijay Nagar,240.32,3.79,0,96.9
2026-05-05 20:00:00,Palasia,182.68,3.77,0,97.4
2026-05-05 20:00:00,Sudama Nagar,159.31,4.1,0,100.0
2026-05-05 20:00:00,Bhawarkua,164.58,4.22,0,97.8
2026-05-06 00:00:00,Rajwada Central,82.64,4.15,0,97.2
2026-05-06 00:00:00,Vijay Nagar,147.01,3.92,0,96.6
2026-05-06 00:00:00,Palasia,119.74,3.86,0,95.9
2026-05-06 00:00:00,Sudama Nagar,72.62,4.22,0,100.0
2026-05-06 00:00:00,Bhawarkua,70.95,4.19,0,97.2
2026-05-06 04:00:00,Rajwada Central,217.54,4.19,0,98.4
2026-05-06 04:00:00,Vijay Nagar,339.51,3.75,0,96.2
2026-05-06 04:00:00,Palasia,266.54,4.14,0,96.5
2026-05-06 04:00:00,Sudama Nagar,228.18,4.28,0,94.5
2026-05-06 04:00:00,Bhawarkua,202.53,3.69,0,99.3
2026-05-06 08:00:00,Rajwada Central,177.37,4.13,0,97.1
2026-05-06 08:00:00,Vijay Nagar,345.77,4.1,0,99.5
2026-05-06 08:00:00,Palasia,275.02,3.45,0,98.7
2026-05-06 08:00:00,Sudama Nagar,206.44,4.42,0,96.6
2026-05-06 08:00:00,Bhawarkua,191.25,3.62,0,98.3
2026-05-06 12:00:00,Rajwada Central,91.17,3.82,0,93.8
2026-05-06 12:00:00,Vijay Nagar,147.6,3.39,0,99.6
2026-05-06 12:00:00,Palasia,88.26,4.0,0,97.3
2026-05-06 12:00:00,Sudama Nagar,85.98,4.1,0,97.2
2026-05-06 12:00:00,Bhawarkua,76.39,3.93,0,96.2
2026-05-06 16:00:00,Rajwada Central,150.99,3.47,0,97.4
2026-05-06 16:00:00,Vijay Nagar,245.22,4.25,0,96.6
2026-05-06 16:00:00,Palasia,200.83,4.17,0,96.8
2026-05-06 16:00:00,Sudama Nagar,153.83,3.6,0,98.6
2026-05-06 16:00:00,Bhawarkua,143.05,3.95,0,95.7
2026-05-06 20:00:00,Rajwada Central,140.38,4.49,0,97.2
2026-05-06 20:00:00,Vijay Nagar,242.84,3.91,0,97.0
2026-05-06 20:00:00,Palasia,202.27,4.06,0,97.3
2026-05-06 20:00:00,Sudama Nagar,138.52,3.91,0,97.2
2026-05-06 20:00:00,Bhawarkua,149.23,3.88,0,96.4
2026-05-07 00:00:00,Rajwada Central,86.83,4.14,0,98.2
2026-05-07 00:00:00,Vijay Nagar,136.75,3.38,0,99.8
2026-05-07 00:00:00,Palasia,105.49,3.88,0,96.9
2026-05-07 00:00:00,Sudama Nagar,76.85,3.75,0,97.7
2026-05-07 00:00:00,Bhawarkua,79.82,3.97,0,94.0
2026-05-07 04:00:00,Rajwada Central,201.28,3.68,0,96.4
2026-05-07 04:00:00,Vijay Nagar,338.84,3.82,0,96.4
2026-05-07 04:00:00,Palasia,265.16,3.85,0,95.7
2026-05-07 04:00:00,Sudama Nagar,183.34,4.1,0,96.4
2026-05-07 04:00:00,Bhawarkua,184.01,4.37,0,97.4
2026-05-07 08:00:00,Rajwada Central,189.74,3.79,0,98.3
2026-05-07 08:00:00,Vijay Nagar,333.89,3.87,0,97.9
2026-05-07 08:00:00,Palasia,261.99,4.37,0,96.5
2026-05-07 08:00:00,Sudama Nagar,197.16,4.0,0,98.2
2026-05-07 08:00:00,Bhawarkua,206.99,4.03,0,96.0
2026-05-07 12:00:00,Rajwada Central,70.15,4.29,0,98.3
2026-05-07 12:00:00,Vijay Nagar,146.86,4.24,0,97.5
2026-05-07 12:00:00,Palasia,110.77,4.04,0,97.7
2026-05-07 12:00:00,Sudama Nagar,81.1,4.17,0,98.1
2026-05-07 12:00:00,Bhawarkua,66.51,4.33,0,96.9
2026-05-07 16:00:00,Rajwada Central,167.1,4.38,0,95.8
2026-05-07 16:00:00,Vijay Nagar,246.41,3.44,0,96.5
2026-05-07 16:00:00,Palasia,197.87,4.25,0,97.1
2026-05-07 16:00:00,Sudama Nagar,154.91,3.79,0,97.0
2026-05-07 16:00:00,Bhawarkua,142.52,4.08,0,98.7
2026-05-07 20:00:00,Rajwada Central,148.92,3.59,0,97.2
2026-05-07 20:00:00,Vijay Nagar,254.87,3.72,0,98.5
2026-05-07 20:00:00,Palasia,186.44,3.77,0,94.9
2026-05-07 20:00:00,Sudama Nagar,152.83,4.54,0,97.4
2026-05-07 20:00:00,Bhawarkua,140.79,4.15,0,98.0
2026-05-08 00:00:00,Rajwada Central,95.53,3.63,0,98.9
2026-05-08 00:00:00,Vijay Nagar,136.96,4.53,0,97.2
2026-05-08 00:00:00,Palasia,112.52,3.72,0,98.2
2026-05-08 00:00:00,Sudama Nagar,68.68,4.08,0,96.5
2026-05-08 00:00:00,Bhawarkua,80.54,4.33,0,96.6
2026-05-08 04:00:00,Rajwada Central,217.27,3.88,0,97.2
2026-05-08 04:00:00,Vijay Nagar,361.8,4.04,0,96.9
2026-05-08 04:00:00,Palasia,265.68,3.9,0,95.8
2026-05-08 04:00:00,Sudama Nagar,228.71,3.88,0,95.2
2026-05-08 04:00:00,Bhawarkua,202.14,4.11,0,96.8
2026-05-08 08:00:00,Rajwada Central,203.42,3.95,0,97.5
2026-05-08 08:00:00,Vijay Nagar,345.83,3.94,0,100.0
2026-05-08 08:00:00,Palasia,276.49,4.0,0,95.4
2026-05-08 08:00:00,Sudama Nagar,205.37,4.24,0,98.0
2026-05-08 08:00:00,Bhawarkua,181.77,4.03,0,96.4
2026-05-08 12:00:00,Rajwada Central,99.57,4.04,0,94.3
2026-05-08 12:00:00,Vijay Nagar,138.82,3.42,0,97.5
2026-05-08 12:00:00,Palasia,136.65,4.41,0,97.3
2026-05-08 12:00:00,Sudama Nagar,73.69,4.38,0,97.8
2026-05-08 12:00:00,Bhawarkua,78.4,3.84,0,95.9
2026-05-08 16:00:00,Rajwada Central,154.1,3.87,0,97.2
2026-05-08 16:00:00,Vijay Nagar,257.53,3.87,0,97.8
2026-05-08 16:00:00,Palasia,208.27,4.12,0,97.8
2026-05-08 16:00:00,Sudama Nagar,154.43,4.0,0,98.0
2026-05-08 16:00:00,Bhawarkua,168.91,4.26,0,96.8
2026-05-08 20:00:00,Rajwada Central,147.59,3.96,0,98.1
2026-05-08 20:00:00,Vijay Nagar,240.09,3.69,0,97.6
2026-05-08 20:00:00,Palasia,193.86,4.44,0,94.3
2026-05-08 20:00:00,Sudama Nagar,152.1,3.88,0,98.0
2026-05-08 20:00:00,Bhawarkua,146.24,3.83,0,98.1
2026-05-09 00:00:00,Rajwada Central,96.95,3.97,0,96.9
2026-05-09 00:00:00,Vijay Nagar,149.65,4.35,0,98.2
2026-05-09 00:00:00,Palasia,100.77,3.8,0,99.0
2026-05-09 00:00:00,Sudama Nagar,88.92,3.78,0,96.9
2026-05-09 00:00:00,Bhawarkua,82.62,3.97,0,96.6
2026-05-09 04:00:00,Rajwada Central,218.77,4.16,0,99.7
2026-05-09 04:00:00,Vijay Nagar,351.42,4.04,0,98.7
2026-05-09 04:00:00,Palasia,268.23,4.73,0,96.6
2026-05-09 04:00:00,Sudama Nagar,209.44,3.82,0,96.5
2026-05-09 04:00:00,Bhawarkua,199.9,4.37,0,97.2
2026-05-09 08:00:00,Rajwada Central,174.49,4.03,0,95.8
2026-05-09 08:00:00,Vijay Nagar,330.71,4.35,0,95.4
2026-05-09 08:00:00,Palasia,249.26,3.5,0,96.5
2026-05-09 08:00:00,Sudama Nagar,183.72,3.52,0,96.7
2026-05-09 08:00:00,Bhawarkua,207.76,3.73,0,97.4
2026-05-09 12:00:00,Rajwada Central,82.93,4.16,0,95.8
2026-05-09 12:00:00,Vijay Nagar,158.21,3.66,0,96.2
2026-05-09 12:00:00,Palasia,111.78,4.04,0,98.0
2026-05-09 12:00:00,Sudama Nagar,77.88,3.63,0,95.2
2026-05-09 12:00:00,Bhawarkua,102.96,3.91,0,96.8
2026-05-09 16:00:00,Rajwada Central,171.22,3.85,0,97.0
2026-05-09 16:00:00,Vijay Nagar,234.01,3.61,0,99.3
2026-05-09 16:00:00,Palasia,216.44,4.31,0,98.2
2026-05-09 16:00:00,Sudama Nagar,158.65,3.78,0,97.3
2026-05-09 16:00:00,Bhawarkua,143.55,3.22,0,98.3
2026-05-09 20:00:00,Rajwada Central,156.26,3.6,0,96.6
2026-05-09 20:00:00,Vijay Nagar,259.03,4.04,0,95.0
2026-05-09 20:00:00,Palasia,179.04,4.56,0,97.1
2026-05-09 20:00:00,Sudama Nagar,162.3,4.55,0,96.4
2026-05-09 20:00:00,Bhawarkua,199.97,1.41,1,90.3
2026-05-10 00:00:00,Rajwada Central,88.51,3.94,0,97.5
2026-05-10 00:00:00,Vijay Nagar,145.56,4.17,0,97.4
2026-05-10 00:00:00,Palasia,107.89,3.83,0,95.9
2026-05-10 00:00:00,Sudama Nagar,97.87,4.24,0,96.1
2026-05-10 00:00:00,Bhawarkua,82.37,3.58,0,96.4
2026-05-10 04:00:00,Rajwada Central,210.43,4.08,0,97.1
2026-05-10 04:00:00,Vijay Nagar,325.4,3.67,0,98.1
2026-05-10 04:00:00,Palasia,284.32,4.16,0,96.8
2026-05-10 04:00:00,Sudama Nagar,218.7,3.75,0,98.3
2026-05-10 04:00:00,Bhawarkua,196.84,3.84,0,96.6
2026-05-10 08:00:00,Rajwada Central,202.79,4.27,0,95.4
2026-05-10 08:00:00,Vijay Nagar,328.75,4.06,0,97.7
2026-05-10 08:00:00,Palasia,243.54,3.76,0,94.9
2026-05-10 08:00:00,Sudama Nagar,195.61,3.87,0,97.6
2026-05-10 08:00:00,Bhawarkua,176.51,4.2,0,96.4
2026-05-10 12:00:00,Rajwada Central,77.51,4.29,0,98.6
2026-05-10 12:00:00,Vijay Nagar,126.54,3.8,0,96.6
2026-05-10 12:00:00,Palasia,97.6,3.57,0,97.0
2026-05-10 12:00:00,Sudama Nagar,73.68,4.03,0,99.1
2026-05-10 12:00:00,Bhawarkua,80.33,3.77,0,96.7
2026-05-10 16:00:00,Rajwada Central,196.49,1.77,1,90.3
2026-05-10 16:00:00,Vijay Nagar,226.52,4.19,0,95.9
2026-05-10 16:00:00,Palasia,211.15,3.89,0,96.4
2026-05-10 16:00:00,Sudama Nagar,143.94,4.05,0,96.0
2026-05-10 16:00:00,Bhawarkua,141.5,4.19,0,95.8
2026-05-10 20:00:00,Rajwada Central,156.18,4.25,0,97.8
2026-05-10 20:00:00,Vijay Nagar,249.2,3.46,0,95.5
2026-05-10 20:00:00,Palasia,230.54,1.72,1,91.0
2026-05-10 20:00:00,Sudama Nagar,135.31,3.95,0,97.8
2026-05-10 20:00:00,Bhawarkua,137.62,3.75,0,98.4
2026-05-11 00:00:00,Rajwada Central,70.47,4.1,0,98.5
2026-05-11 00:00:00,Vijay Nagar,120.22,3.67,0,96.7
2026-05-11 00:00:00,Palasia,106.41,3.81,0,99.4
2026-05-11 00:00:00,Sudama Nagar,88.06,3.76,0,95.4
2026-05-11 00:00:00,Bhawarkua,80.84,4.13,0,99.2
2026-05-11 04:00:00,Rajwada Central,204.91,3.93,0,95.8
2026-05-11 04:00:00,Vijay Nagar,340.44,4.31,0,94.9
2026-05-11 04:00:00,Palasia,264.9,3.69,0,95.4
2026-05-11 04:00:00,Sudama Nagar,224.33,4.27,0,96.3
2026-05-11 04:00:00,Bhawarkua,202.06,3.9,0,95.6
2026-05-11 08:00:00,Rajwada Central,197.51,4.24,0,96.3
2026-05-11 08:00:00,Vijay Nagar,341.57,3.83,0,95.6
2026-05-11 08:00:00,Palasia,278.33,3.36,0,99.1
2026-05-11 08:00:00,Sudama Nagar,215.98,4.05,0,96.5
2026-05-11 08:00:00,Bhawarkua,199.58,4.06,0,97.2
2026-05-11 12:00:00,Rajwada Central,70.09,4.02,0,97.3
2026-05-11 12:00:00,Vijay Nagar,130.79,4.67,0,96.8
2026-05-11 12:00:00,Palasia,84.44,3.7,0,97.8
2026-05-11 12:00:00,Sudama Nagar,72.93,3.7,0,98.7
2026-05-11 12:00:00,Bhawarkua,83.64,3.82,0,93.7
2026-05-11 16:00:00,Rajwada Central,157.04,4.0,0,98.6
2026-05-11 16:00:00,Vijay Nagar,233.26,3.89,0,97.4
2026-05-11 16:00:00,Palasia,208.67,4.08,0,96.2
2026-05-11 16:00:00,Sudama Nagar,165.17,3.91,0,97.2
2026-05-11 16:00:00,Bhawarkua,158.61,4.47,0,97.4
2026-05-11 20:00:00,Rajwada Central,180.65,3.97,0,97.4
2026-05-11 20:00:00,Vijay Nagar,238.98,4.1,0,97.4
2026-05-11 20:00:00,Palasia,206.15,4.13,0,96.4
2026-05-11 20:00:00,Sudama Nagar,152.68,3.8,0,97.7
2026-05-11 20:00:00,Bhawarkua,142.89,3.58,0,95.6
2026-05-12 00:00:00,Rajwada Central,67.5,3.84,0,96.0
2026-05-12 00:00:00,Vijay Nagar,134.13,3.88,0,97.6
2026-05-12 00:00:00,Palasia,110.19,3.9,0,98.5
2026-05-12 00:00:00,Sudama Nagar,70.48,4.3,0,97.2
2026-05-12 00:00:00,Bhawarkua,76.87,4.34,0,97.7
2026-05-12 04:00:00,Rajwada Central,191.09,4.11,0,97.4
2026-05-12 04:00:00,Vijay Nagar,348.09,4.18,0,97.8
2026-05-12 04:00:00,Palasia,258.7,3.94,0,96.7
2026-05-12 04:00:00,Sudama Nagar,184.82,4.39,0,95.7
2026-05-12 04:00:00,Bhawarkua,207.22,3.9,0,96.7
2026-05-12 08:00:00,Rajwada Central,212.13,3.77,0,97.5
2026-05-12 08:00:00,Vijay Nagar,341.59,3.77,0,98.1
2026-05-12 08:00:00,Palasia,280.41,4.61,0,96.7
2026-05-12 08:00:00,Sudama Nagar,206.29,4.08,0,97.8
2026-05-12 08:00:00,Bhawarkua,224.98,4.15,0,97.6
2026-05-12 12:00:00,Rajwada Central,68.46,4.61,0,96.4
2026-05-12 12:00:00,Vijay Nagar,102.48,3.32,0,97.4
2026-05-12 12:00:00,Palasia,90.32,4.02,0,95.2
2026-05-12 12:00:00,Sudama Nagar,85.26,4.17,0,97.2
2026-05-12 12:00:00,Bhawarkua,73.24,4.26,0,96.5
2026-05-12 16:00:00,Rajwada Central,147.34,3.85,0,96.7
2026-05-12 16:00:00,Vijay Nagar,268.85,4.0,0,95.5
2026-05-12 16:00:00,Palasia,182.09,3.92,0,96.0
2026-05-12 16:00:00,Sudama Nagar,161.0,3.57,0,96.9
2026-05-12 16:00:00,Bhawarkua,161.73,3.81,0,97.5
2026-05-12 20:00:00,Rajwada Central,149.12,3.99,0,97.6
2026-05-12 20:00:00,Vijay Nagar,224.09,4.36,0,94.7
2026-05-12 20:00:00,Palasia,207.23,4.13,0,97.6
2026-05-12 20:00:00,Sudama Nagar,168.97,4.36,0,98.0
2026-05-12 20:00:00,Bhawarkua,146.07,3.89,0,98.0
2026-05-13 00:00:00,Rajwada Central,87.03,4.09,0,96.9
2026-05-13 00:00:00,Vijay Nagar,129.51,3.58,0,97.8
2026-05-13 00:00:00,Palasia,103.42,3.93,0,94.8
2026-05-13 00:00:00,Sudama Nagar,82.71,3.59,0,96.5
2026-05-13 00:00:00,Bhawarkua,91.11,4.02,0,96.9
2026-05-13 04:00:00,Rajwada Central,195.28,3.84,0,98.9
2026-05-13 04:00:00,Vijay Nagar,345.36,3.86,0,96.9
2026-05-13 04:00:00,Palasia,266.97,4.13,0,97.0
2026-05-13 04:00:00,Sudama Nagar,237.58,1.79,1,90.9
2026-05-13 04:00:00,Bhawarkua,228.69,4.81,0,97.8
2026-05-13 08:00:00,Rajwada Central,195.87,4.2,0,95.0
2026-05-13 08:00:00,Vijay Nagar,329.61,3.51,0,97.7
2026-05-13 08:00:00,Palasia,249.47,3.91,0,96.9
2026-05-13 08:00:00,Sudama Nagar,203.65,3.86,0,97.4
2026-05-13 08:00:00,Bhawarkua,188.95,4.52,0,95.8
2026-05-13 12:00:00,Rajwada Central,82.08,4.19,0,97.8
2026-05-13 12:00:00,Vijay Nagar,143.7,3.52,0,95.9
2026-05-13 12:00:00,Palasia,107.23,4.14,0,98.5
2026-05-13 12:00:00,Sudama Nagar,75.43,3.73,0,96.3
2026-05-13 12:00:00,Bhawarkua,108.71,4.45,0,96.8
2026-05-13 16:00:00,Rajwada Central,165.02,3.83,0,98.1
2026-05-13 16:00:00,Vijay Nagar,229.85,4.11,0,98.2
2026-05-13 16:00:00,Palasia,189.68,4.18,0,96.3
2026-05-13 16:00:00,Sudama Nagar,153.24,3.86,0,98.0
2026-05-13 16:00:00,Bhawarkua,134.43,3.7,0,98.6
2026-05-13 20:00:00,Rajwada Central,120.09,3.81,0,96.8
2026-05-13 20:00:00,Vijay Nagar,250.64,3.86,0,95.6
2026-05-13 20:00:00,Palasia,208.32,4.32,0,96.5
2026-05-13 20:00:00,Sudama Nagar,128.11,4.09,0,97.2
2026-05-13 20:00:00,Bhawarkua,141.6,3.41,0,96.7
2026-05-14 00:00:00,Rajwada Central,90.8,4.28,0,96.9
2026-05-14 00:00:00,Vijay Nagar,126.92,4.22,0,95.6
2026-05-14 00:00:00,Palasia,89.34,3.97,0,98.9
2026-05-14 00:00:00,Sudama Nagar,100.61,3.6,0,96.5
2026-05-14 00:00:00,Bhawarkua,144.05,1.66,1,92.9
2026-05-14 04:00:00,Rajwada Central,215.71,4.36,0,96.5
2026-05-14 04:00:00,Vijay Nagar,331.0,3.73,0,98.0
2026-05-14 04:00:00,Palasia,244.36,3.95,0,99.0
2026-05-14 04:00:00,Sudama Nagar,211.13,4.3,0,95.0
2026-05-14 04:00:00,Bhawarkua,192.07,4.36,0,97.2
2026-05-14 08:00:00,Rajwada Central,191.52,4.19,0,96.4
2026-05-14 08:00:00,Vijay Nagar,366.45,4.18,0,95.9
2026-05-14 08:00:00,Palasia,274.57,4.48,0,97.0
2026-05-14 08:00:00,Sudama Nagar,194.78,4.01,0,96.3
2026-05-14 08:00:00,Bhawarkua,200.9,3.58,0,98.1
2026-05-14 12:00:00,Rajwada Central,67.81,4.18,0,96.6
2026-05-14 12:00:00,Vijay Nagar,137.07,3.86,0,97.2
2026-05-14 12:00:00,Palasia,110.79,3.89,0,94.9
2026-05-14 12:00:00,Sudama Nagar,85.64,4.12,0,95.3
2026-05-14 12:00:00,Bhawarkua,69.83,3.9,0,94.2
2026-05-14 16:00:00,Rajwada Central,158.09,3.85,0,97.3
2026-05-14 16:00:00,Vijay Nagar,233.65,4.61,0,95.3
2026-05-14 16:00:00,Palasia,187.62,4.36,0,95.6
2026-05-14 16:00:00,Sudama Nagar,150.69,4.19,0,95.2
2026-05-14 16:00:00,Bhawarkua,141.58,4.06,0,97.5
2026-05-14 20:00:00,Rajwada Central,139.73,4.55,0,97.6
2026-05-14 20:00:00,Vijay Nagar,255.72,4.22,0,95.1
2026-05-14 20:00:00,Palasia,192.22,4.0,0,96.7
2026-05-14 20:00:00,Sudama Nagar,152.09,3.37,0,97.2
2026-05-14 20:00:00,Bhawarkua,145.96,3.37,0,97.5
2026-05-15 00:00:00,Rajwada Central,67.43,3.89,0,96.7
2026-05-15 00:00:00,Vijay Nagar,112.25,3.48,0,97.7
2026-05-15 00:00:00,Palasia,98.35,3.88,0,97.1
2026-05-15 00:00:00,Sudama Nagar,60.5,3.88,0,96.9
2026-05-15 00:00:00,Bhawarkua,102.77,3.72,0,97.9
2026-05-15 04:00:00,Rajwada Central,203.98,3.66,0,96.2
2026-05-15 04:00:00,Vijay Nagar,346.4,4.23,0,96.4
2026-05-15 04:00:00,Palasia,348.56,1.59,1,90.8
2026-05-15 04:00:00,Sudama Nagar,198.84,4.28,0,97.6
2026-05-15 04:00:00,Bhawarkua,195.89,3.83,0,97.0
2026-05-15 08:00:00,Rajwada Central,202.06,3.92,0,96.6
2026-05-15 08:00:00,Vijay Nagar,352.55,3.86,0,97.4
2026-05-15 08:00:00,Palasia,293.07,3.75,0,97.2
2026-05-15 08:00:00,Sudama Nagar,206.93,4.0,0,97.0
2026-05-15 08:00:00,Bhawarkua,193.45,4.11,0,94.8
2026-05-15 12:00:00,Rajwada Central,103.17,4.51,0,96.6
2026-05-15 12:00:00,Vijay Nagar,147.02,3.91,0,97.0
2026-05-15 12:00:00,Palasia,97.43,4.25,0,96.3
2026-05-15 12:00:00,Sudama Nagar,91.02,3.99,0,97.0
2026-05-15 12:00:00,Bhawarkua,63.7,4.02,0,95.6
2026-05-15 16:00:00,Rajwada Central,150.34,4.58,0,95.3
2026-05-15 16:00:00,Vijay Nagar,244.64,3.81,0,95.8
2026-05-15 16:00:00,Palasia,184.11,4.44,0,99.1
2026-05-15 16:00:00,Sudama Nagar,137.04,4.12,0,95.9
2026-05-15 16:00:00,Bhawarkua,141.46,3.39,0,99.6
2026-05-15 20:00:00,Rajwada Central,162.78,3.8,0,97.3
2026-05-15 20:00:00,Vijay Nagar,241.6,4.28,0,96.6
2026-05-15 20:00:00,Palasia,191.26,3.8,0,97.7
2026-05-15 20:00:00,Sudama Nagar,176.11,3.91,0,96.6
2026-05-15 20:00:00,Bhawarkua,149.3,4.08,0,96.6
2026-05-16 00:00:00,Rajwada Central,76.89,4.02,0,94.9
2026-05-16 00:00:00,Vijay Nagar,127.83,3.4,0,96.4
2026-05-16 00:00:00,Palasia,94.22,4.19,0,96.1
2026-05-16 00:00:00,Sudama Nagar,77.21,3.36,0,98.2
2026-05-16 00:00:00,Bhawarkua,68.56,3.86,0,97.9
2026-05-16 04:00:00,Rajwada Central,213.38,3.67,0,97.6
2026-05-16 04:00:00,Vijay Nagar,322.22,4.07,0,96.1
2026-05-16 04:00:00,Palasia,251.82,4.01,0,96.1
2026-05-16 04:00:00,Sudama Nagar,228.22,3.81,0,95.6
2026-05-16 04:00:00,Bhawarkua,193.21,3.99,0,97.1
2026-05-16 08:00:00,Rajwada Central,207.71,4.27,0,95.0
2026-05-16 08:00:00,Vijay Nagar,347.49,3.73,0,97.5
2026-05-16 08:00:00,Palasia,284.65,3.76,0,96.0
2026-05-16 08:00:00,Sudama Nagar,191.71,3.9,0,98.5
2026-05-16 08:00:00,Bhawarkua,190.63,3.85,0,98.2
2026-05-16 12:00:00,Rajwada Central,89.09,3.85,0,96.7
2026-05-16 12:00:00,Vijay Nagar,145.39,4.47,0,99.0
2026-05-16 12:00:00,Palasia,122.16,3.8,0,99.2
2026-05-16 12:00:00,Sudama Nagar,72.73,3.5,0,97.1
2026-05-16 12:00:00,Bhawarkua,99.31,4.2,0,96.9
2026-05-16 16:00:00,Rajwada Central,153.1,4.16,0,97.2
2026-05-16 16:00:00,Vijay Nagar,242.86,3.78,0,97.1
2026-05-16 16:00:00,Palasia,192.13,4.0,0,98.3
2026-05-16 16:00:00,Sudama Nagar,146.63,3.94,0,97.2
2026-05-16 16:00:00,Bhawarkua,181.11,3.67,0,98.3
2026-05-16 20:00:00,Rajwada Central,146.01,3.98,0,95.4
2026-05-16 20:00:00,Vijay Nagar,268.97,4.07,0,97.8
2026-05-16 20:00:00,Palasia,175.61,3.81,0,97.5
2026-05-16 20:00:00,Sudama Nagar,147.67,4.13,0,99.5
2026-05-16 20:00:00,Bhawarkua,155.66,3.87,0,96.2
2026-05-17 00:00:00,Rajwada Central,72.42,3.87,0,96.5
2026-05-17 00:00:00,Vijay Nagar,176.58,1.91,1,91.5
2026-05-17 00:00:00,Palasia,107.19,4.06,0,100.0
2026-05-17 00:00:00,Sudama Nagar,72.93,3.99,0,94.9
2026-05-17 00:00:00,Bhawarkua,77.01,3.73,0,96.1
2026-05-17 04:00:00,Rajwada Central,189.77,3.59,0,97.1
2026-05-17 04:00:00,Vijay Nagar,344.52,3.77,0,94.6
2026-05-17 04:00:00,Palasia,265.33,4.14,0,97.8
2026-05-17 04:00:00,Sudama Nagar,191.74,3.82,0,95.7
2026-05-17 04:00:00,Bhawarkua,195.13,3.76,0,96.4
2026-05-17 08:00:00,Rajwada Central,200.98,4.03,0,96.0
2026-05-17 08:00:00,Vijay Nagar,334.32,3.73,0,94.9
2026-05-17 08:00:00,Palasia,270.49,3.8,0,94.9
2026-05-17 08:00:00,Sudama Nagar,210.73,3.92,0,97.5
2026-05-17 08:00:00,Bhawarkua,209.02,3.67,0,98.1
2026-05-17 12:00:00,Rajwada Central,59.61,3.88,0,96.4
2026-05-17 12:00:00,Vijay Nagar,125.08,4.37,0,97.4
2026-05-17 12:00:00,Palasia,88.7,3.62,0,99.6
2026-05-17 12:00:00,Sudama Nagar,75.88,3.76,0,98.4
2026-05-17 12:00:00,Bhawarkua,60.27,4.42,0,96.0
2026-05-17 16:00:00,Rajwada Central,155.78,3.86,0,95.1
2026-05-17 16:00:00,Vijay Nagar,248.54,4.28,0,94.2
2026-05-17 16:00:00,Palasia,179.73,4.37,0,97.5
2026-05-17 16:00:00,Sudama Nagar,155.17,4.28,0,97.6
2026-05-17 16:00:00,Bhawarkua,151.37,4.33,0,96.5
2026-05-17 20:00:00,Rajwada Central,149.4,4.25,0,96.1
2026-05-17 20:00:00,Vijay Nagar,263.5,4.09,0,95.6
2026-05-17 20:00:00,Palasia,191.28,3.58,0,97.1
2026-05-17 20:00:00,Sudama Nagar,145.05,3.74,0,94.9
2026-05-17 20:00:00,Bhawarkua,140.1,3.95,0,96.6
2026-05-18 00:00:00,Rajwada Central,64.56,4.01,0,95.8
2026-05-18 00:00:00,Vijay Nagar,145.46,4.32,0,96.7
2026-05-18 00:00:00,Palasia,124.51,3.96,0,95.4
2026-05-18 00:00:00,Sudama Nagar,95.82,4.48,0,98.2
2026-05-18 00:00:00,Bhawarkua,72.43,3.63,0,96.6
2026-05-18 04:00:00,Rajwada Central,233.72,3.65,0,98.0
2026-05-18 04:00:00,Vijay Nagar,334.89,4.28,0,95.5
2026-05-18 04:00:00,Palasia,261.01,3.73,0,96.0
2026-05-18 04:00:00,Sudama Nagar,212.84,3.66,0,97.3
2026-05-18 04:00:00,Bhawarkua,204.67,3.71,0,96.1
2026-05-18 08:00:00,Rajwada Central,208.01,3.99,0,97.0
2026-05-18 08:00:00,Vijay Nagar,333.21,3.91,0,97.0
2026-05-18 08:00:00,Palasia,281.27,4.16,0,96.8
2026-05-18 08:00:00,Sudama Nagar,191.02,3.87,0,95.9
2026-05-18 08:00:00,Bhawarkua,194.44,3.44,0,97.0
2026-05-18 12:00:00,Rajwada Central,106.41,4.06,0,97.9
2026-05-18 12:00:00,Vijay Nagar,145.92,3.91,0,96.7
2026-05-18 12:00:00,Palasia,88.84,4.06,0,97.1
2026-05-18 12:00:00,Sudama Nagar,71.33,4.34,0,96.1
2026-05-18 12:00:00,Bhawarkua,115.77,4.12,0,97.0
2026-05-18 16:00:00,Rajwada Central,172.87,3.32,0,96.7
2026-05-18 16:00:00,Vijay Nagar,241.2,3.95,0,97.3
2026-05-18 16:00:00,Palasia,191.07,4.42,0,97.5
2026-05-18 16:00:00,Sudama Nagar,155.41,4.14,0,95.5
2026-05-18 16:00:00,Bhawarkua,152.02,4.07,0,95.7
2026-05-18 20:00:00,Rajwada Central,160.23,3.39,0,100.0
2026-05-18 20:00:00,Vijay Nagar,245.95,3.74,0,97.7
2026-05-18 20:00:00,Palasia,201.11,4.61,0,99.1
2026-05-18 20:00:00,Sudama Nagar,133.64,3.92,0,95.9
2026-05-18 20:00:00,Bhawarkua,158.51,4.42,0,95.4
2026-05-19 00:00:00,Rajwada Central,80.84,3.81,0,98.0
2026-05-19 00:00:00,Vijay Nagar,139.31,4.35,0,96.5
2026-05-19 00:00:00,Palasia,104.2,4.12,0,96.7
2026-05-19 00:00:00,Sudama Nagar,85.19,4.38,0,99.6
2026-05-19 00:00:00,Bhawarkua,75.74,4.64,0,96.4
2026-05-19 04:00:00,Rajwada Central,214.43,3.85,0,95.8
2026-05-19 04:00:00,Vijay Nagar,350.67,3.99,0,98.5
2026-05-19 04:00:00,Palasia,273.02,4.12,0,97.7
2026-05-19 04:00:00,Sudama Nagar,217.06,4.28,0,96.5
2026-05-19 04:00:00,Bhawarkua,209.08,4.45,0,97.1
2026-05-19 08:00:00,Rajwada Central,198.07,3.81,0,98.0
2026-05-19 08:00:00,Vijay Nagar,333.11,4.11,0,96.7
2026-05-19 08:00:00,Palasia,278.09,4.05,0,98.7
2026-05-19 08:00:00,Sudama Nagar,220.7,3.97,0,98.6
2026-05-19 08:00:00,Bhawarkua,199.95,4.08,0,96.1
2026-05-19 12:00:00,Rajwada Central,88.72,4.09,0,97.6
2026-05-19 12:00:00,Vijay Nagar,118.08,3.4,0,95.6
2026-05-19 12:00:00,Palasia,111.59,4.2,0,98.4
2026-05-19 12:00:00,Sudama Nagar,76.75,4.06,0,96.2
2026-05-19 12:00:00,Bhawarkua,98.01,3.79,0,98.4
2026-05-19 16:00:00,Rajwada Central,146.58,4.47,0,97.2
2026-05-19 16:00:00,Vijay Nagar,248.33,3.77,0,99.6
2026-05-19 16:00:00,Palasia,205.49,4.15,0,97.3
2026-05-19 16:00:00,Sudama Nagar,141.67,4.2,0,96.9
2026-05-19 16:00:00,Bhawarkua,150.29,4.27,0,97.3
2026-05-19 20:00:00,Rajwada Central,149.82,4.43,0,96.0
2026-05-19 20:00:00,Vijay Nagar,226.54,3.76,0,97.2
2026-05-19 20:00:00,Palasia,201.93,3.78,0,100.0
2026-05-19 20:00:00,Sudama Nagar,151.79,4.05,0,95.5
2026-05-19 20:00:00,Bhawarkua,132.29,3.47,0,98.6
2026-05-20 00:00:00,Rajwada Central,96.15,4.0,0,95.5
2026-05-20 00:00:00,Vijay Nagar,131.07,4.43,0,96.4
2026-05-20 00:00:00,Palasia,94.78,3.89,0,96.6
2026-05-20 00:00:00,Sudama Nagar,90.46,3.34,0,97.2
2026-05-20 00:00:00,Bhawarkua,73.24,3.84,0,97.9
2026-05-20 04:00:00,Rajwada Central,188.38,4.05,0,97.6
2026-05-20 04:00:00,Vijay Nagar,342.96,4.21,0,97.7
2026-05-20 04:00:00,Palasia,272.63,3.74,0,98.6
2026-05-20 04:00:00,Sudama Nagar,189.79,4.11,0,96.2
2026-05-20 04:00:00,Bhawarkua,183.39,3.83,0,96.9
2026-05-20 08:00:00,Rajwada Central,220.64,4.55,0,96.8
2026-05-20 08:00:00,Vijay Nagar,319.33,3.61,0,97.9
2026-05-20 08:00:00,Palasia,272.5,3.82,0,95.6
2026-05-20 08:00:00,Sudama Nagar,215.91,3.63,0,96.5
2026-05-20 08:00:00,Bhawarkua,209.68,3.4,0,98.1
2026-05-20 12:00:00,Rajwada Central,110.16,4.03,0,97.0
2026-05-20 12:00:00,Vijay Nagar,134.93,4.07,0,96.1
2026-05-20 12:00:00,Palasia,92.11,3.89,0,97.2
2026-05-20 12:00:00,Sudama Nagar,69.62,3.6,0,96.5
2026-05-20 12:00:00,Bhawarkua,65.6,4.2,0,92.9
2026-05-20 16:00:00,Rajwada Central,135.58,4.42,0,96.7
2026-05-20 16:00:00,Vijay Nagar,248.61,3.96,0,96.2
2026-05-20 16:00:00,Palasia,206.74,3.83,0,96.0
2026-05-20 16:00:00,Sudama Nagar,157.48,3.42,0,96.7
2026-05-20 16:00:00,Bhawarkua,143.37,3.91,0,96.4
2026-05-20 20:00:00,Rajwada Central,154.1,4.33,0,97.6
2026-05-20 20:00:00,Vijay Nagar,242.36,4.19,0,97.9
2026-05-20 20:00:00,Palasia,197.93,4.31,0,94.2
2026-05-20 20:00:00,Sudama Nagar,194.9,1.86,1,89.2
2026-05-20 20:00:00,Bhawarkua,152.25,4.27,0,96.7
2026-05-21 00:00:00,Rajwada Central,89.48,4.31,0,98.6
2026-05-21 00:00:00,Vijay Nagar,148.35,4.41,0,96.4
2026-05-21 00:00:00,Palasia,100.92,3.26,0,95.7
2026-05-21 00:00:00,Sudama Nagar,96.22,3.82,0,97.5
2026-05-21 00:00:00,Bhawarkua,84.49,4.37,0,94.6
2026-05-21 04:00:00,Rajwada Central,208.23,4.1,0,96.0
2026-05-21 04:00:00,Vijay Nagar,347.52,3.58,0,98.3
2026-05-21 04:00:00,Palasia,238.13,3.73,0,96.8
2026-05-21 04:00:00,Sudama Nagar,206.61,3.44,0,98.3
2026-05-21 04:00:00,Bhawarkua,213.04,4.57,0,97.8
2026-05-21 08:00:00,Rajwada Central,195.16,3.68,0,96.5
2026-05-21 08:00:00,Vijay Nagar,362.17,4.01,0,97.1
2026-05-21 08:00:00,Palasia,280.55,3.65,0,97.6
2026-05-21 08:00:00,Sudama Nagar,210.2,4.29,0,98.0
2026-05-21 08:00:00,Bhawarkua,203.3,3.59,0,96.3
2026-05-21 12:00:00,Rajwada Central,91.71,4.56,0,95.5
2026-05-21 12:00:00,Vijay Nagar,118.93,3.53,0,96.1
2026-05-21 12:00:00,Palasia,116.97,4.39,0,94.5
2026-05-21 12:00:00,Sudama Nagar,67.14,3.58,0,96.0
2026-05-21 12:00:00,Bhawarkua,78.93,3.88,0,97.6
2026-05-21 16:00:00,Rajwada Central,126.48,3.84,0,98.6
2026-05-21 16:00:00,Vijay Nagar,263.25,4.5,0,97.5
2026-05-21 16:00:00,Palasia,185.74,4.05,0,100.0
2026-05-21 16:00:00,Sudama Nagar,143.23,4.55,0,94.1
2026-05-21 16:00:00,Bhawarkua,156.46,4.19,0,97.4
2026-05-21 20:00:00,Rajwada Central,154.87,4.16,0,97.7
2026-05-21 20:00:00,Vijay Nagar,242.43,3.92,0,95.4
2026-05-21 20:00:00,Palasia,202.39,4.39,0,99.1
2026-05-21 20:00:00,Sudama Nagar,139.75,3.48,0,97.5
2026-05-21 20:00:00,Bhawarkua,135.73,4.17,0,94.4
2026-05-22 00:00:00,Rajwada Central,94.65,4.05,0,94.7
2026-05-22 00:00:00,Vijay Nagar,138.05,4.03,0,97.6
2026-05-22 00:00:00,Palasia,115.22,3.28,0,96.4
2026-05-22 00:00:00,Sudama Nagar,80.53,3.91,0,96.6
2026-05-22 00:00:00,Bhawarkua,94.25,3.48,0,96.7
2026-05-22 04:00:00,Rajwada Central,201.45,3.97,0,95.8
2026-05-22 04:00:00,Vijay Nagar,361.7,4.29,0,99.7
2026-05-22 04:00:00,Palasia,271.68,4.23,0,97.0
2026-05-22 04:00:00,Sudama Nagar,222.76,4.17,0,96.8
2026-05-22 04:00:00,Bhawarkua,226.16,3.61,0,96.1
2026-05-22 08:00:00,Rajwada Central,237.73,4.2,0,93.8
2026-05-22 08:00:00,Vijay Nagar,348.23,3.69,0,96.3
2026-05-22 08:00:00,Palasia,294.61,4.5,0,99.4
2026-05-22 08:00:00,Sudama Nagar,196.71,3.91,0,97.3
2026-05-22 08:00:00,Bhawarkua,214.42,3.9,0,99.3
2026-05-22 12:00:00,Rajwada Central,87.49,4.45,0,96.1
2026-05-22 12:00:00,Vijay Nagar,129.37,4.07,0,96.4
2026-05-22 12:00:00,Palasia,118.17,4.32,0,96.7
2026-05-22 12:00:00,Sudama Nagar,89.5,4.61,0,98.3
2026-05-22 12:00:00,Bhawarkua,89.42,4.39,0,99.0
2026-05-22 16:00:00,Rajwada Central,167.81,3.98,0,98.1
2026-05-22 16:00:00,Vijay Nagar,242.82,3.98,0,97.6
2026-05-22 16:00:00,Palasia,176.22,4.11,0,96.2
2026-05-22 16:00:00,Sudama Nagar,135.37,4.24,0,96.7
2026-05-22 16:00:00,Bhawarkua,152.24,3.93,0,96.3
2026-05-22 20:00:00,Rajwada Central,151.01,3.59,0,96.9
2026-05-22 20:00:00,Vijay Nagar,270.17,3.64,0,98.7
2026-05-22 20:00:00,Palasia,218.64,3.76,0,97.4
2026-05-22 20:00:00,Sudama Nagar,134.0,3.57,0,97.2
2026-05-22 20:00:00,Bhawarkua,154.51,3.83,0,95.6
2026-05-23 00:00:00,Rajwada Central,72.19,4.27,0,98.1
2026-05-23 00:00:00,Vijay Nagar,142.11,3.88,0,95.7
2026-05-23 00:00:00,Palasia,121.35,4.49,0,96.4
2026-05-23 00:00:00,Sudama Nagar,79.69,3.56,0,97.6
2026-05-23 00:00:00,Bhawarkua,106.51,4.28,0,99.7
2026-05-23 04:00:00,Rajwada Central,199.32,3.61,0,98.8
2026-05-23 04:00:00,Vijay Nagar,338.06,3.73,0,99.2
2026-05-23 04:00:00,Palasia,256.73,3.66,0,97.7
2026-05-23 04:00:00,Sudama Nagar,188.38,4.31,0,95.6
2026-05-23 04:00:00,Bhawarkua,207.02,4.1,0,97.3
2026-05-23 08:00:00,Rajwada Central,188.55,3.94,0,98.6
2026-05-23 08:00:00,Vijay Nagar,333.58,3.65,0,96.5
2026-05-23 08:00:00,Palasia,248.9,3.35,0,96.8
2026-05-23 08:00:00,Sudama Nagar,205.2,4.21,0,97.6
2026-05-23 08:00:00,Bhawarkua,211.38,3.99,0,99.6
2026-05-23 12:00:00,Rajwada Central,71.5,3.9,0,99.0
2026-05-23 12:00:00,Vijay Nagar,129.72,3.97,0,97.5
2026-05-23 12:00:00,Palasia,119.61,4.04,0,95.9
2026-05-23 12:00:00,Sudama Nagar,76.68,4.16,0,96.6
2026-05-23 12:00:00,Bhawarkua,75.99,3.72,0,98.4
2026-05-23 16:00:00,Rajwada Central,148.14,3.97,0,97.8
2026-05-23 16:00:00,Vijay Nagar,230.05,4.01,0,98.8
2026-05-23 16:00:00,Palasia,192.83,4.07,0,97.2
2026-05-23 16:00:00,Sudama Nagar,162.34,4.06,0,100.0
2026-05-23 16:00:00,Bhawarkua,198.09,1.71,1,92.8
2026-05-23 20:00:00,Rajwada Central,147.07,3.82,0,95.6
2026-05-23 20:00:00,Vijay Nagar,252.15,3.86,0,96.1
2026-05-23 20:00:00,Palasia,186.81,3.89,0,98.0
2026-05-23 20:00:00,Sudama Nagar,155.4,3.96,0,97.7
2026-05-23 20:00:00,Bhawarkua,148.32,4.06,0,96.2
2026-05-24 00:00:00,Rajwada Central,73.71,4.05,0,97.2
2026-05-24 00:00:00,Vijay Nagar,146.53,4.15,0,96.4
2026-05-24 00:00:00,Palasia,90.24,4.26,0,97.4
2026-05-24 00:00:00,Sudama Nagar,93.23,4.14,0,99.2
2026-05-24 00:00:00,Bhawarkua,79.0,4.01,0,97.9
2026-05-24 04:00:00,Rajwada Central,214.36,4.1,0,95.1
2026-05-24 04:00:00,Vijay Nagar,314.78,3.88,0,97.0
2026-05-24 04:00:00,Palasia,241.58,3.99,0,97.8
2026-05-24 04:00:00,Sudama Nagar,203.29,4.09,0,97.7
2026-05-24 04:00:00,Bhawarkua,184.78,4.2,0,96.1
2026-05-24 08:00:00,Rajwada Central,201.14,3.8,0,98.3
2026-05-24 08:00:00,Vijay Nagar,321.93,4.41,0,99.9
2026-05-24 08:00:00,Palasia,245.39,3.82,0,97.7
2026-05-24 08:00:00,Sudama Nagar,192.08,3.92,0,97.2
2026-05-24 08:00:00,Bhawarkua,195.45,4.02,0,98.1
2026-05-24 12:00:00,Rajwada Central,80.66,3.69,0,98.4
2026-05-24 12:00:00,Vijay Nagar,151.07,4.11,0,95.8
2026-05-24 12:00:00,Palasia,95.07,3.29,0,96.3
2026-05-24 12:00:00,Sudama Nagar,94.39,3.79,0,95.9
2026-05-24 12:00:00,Bhawarkua,93.87,4.35,0,96.4
2026-05-24 16:00:00,Rajwada Central,155.71,3.74,0,96.6
2026-05-24 16:00:00,Vijay Nagar,224.56,4.11,0,96.9
2026-05-24 16:00:00,Palasia,185.54,3.97,0,96.7
2026-05-24 16:00:00,Sudama Nagar,139.67,4.12,0,96.6
2026-05-24 16:00:00,Bhawarkua,147.99,3.56,0,96.8
2026-05-24 20:00:00,Rajwada Central,147.45,3.75,0,97.6
2026-05-24 20:00:00,Vijay Nagar,221.11,3.86,0,97.4
2026-05-24 20:00:00,Palasia,218.78,3.59,0,97.1
2026-05-24 20:00:00,Sudama Nagar,156.17,4.02,0,95.5
2026-05-24 20:00:00,Bhawarkua,143.8,3.27,0,97.0
2026-05-25 00:00:00,Rajwada Central,64.61,4.14,0,96.2
2026-05-25 00:00:00,Vijay Nagar,125.43,4.05,0,97.3
2026-05-25 00:00:00,Palasia,116.06,3.92,0,96.9
2026-05-25 00:00:00,Sudama Nagar,64.96,4.43,0,95.9
2026-05-25 00:00:00,Bhawarkua,90.3,4.22,0,97.5
2026-05-25 04:00:00,Rajwada Central,201.15,3.89,0,96.9
2026-05-25 04:00:00,Vijay Nagar,313.15,3.99,0,98.8
2026-05-25 04:00:00,Palasia,261.29,3.99,0,95.8
2026-05-25 04:00:00,Sudama Nagar,206.23,3.77,0,98.0
2026-05-25 04:00:00,Bhawarkua,217.7,4.41,0,95.3
2026-05-25 08:00:00,Rajwada Central,212.67,4.19,0,96.5
2026-05-25 08:00:00,Vijay Nagar,350.31,4.12,0,98.6
2026-05-25 08:00:00,Palasia,248.79,3.79,0,97.1
2026-05-25 08:00:00,Sudama Nagar,218.07,4.14,0,95.9
2026-05-25 08:00:00,Bhawarkua,225.32,3.91,0,95.9
2026-05-25 12:00:00,Rajwada Central,72.3,3.6,0,94.3
2026-05-25 12:00:00,Vijay Nagar,133.0,3.53,0,97.4
2026-05-25 12:00:00,Palasia,117.41,4.11,0,97.1
2026-05-25 12:00:00,Sudama Nagar,63.11,4.25,0,99.3
2026-05-25 12:00:00,Bhawarkua,98.5,3.6,0,96.9
2026-05-25 16:00:00,Rajwada Central,146.21,3.88,0,97.0
2026-05-25 16:00:00,Vijay Nagar,272.38,4.03,0,96.5
2026-05-25 16:00:00,Palasia,197.17,3.61,0,96.1
2026-05-25 16:00:00,Sudama Nagar,161.43,4.06,0,99.5
2026-05-25 16:00:00,Bhawarkua,152.81,3.63,0,95.1
2026-05-25 20:00:00,Rajwada Central,161.62,3.69,0,95.6
2026-05-25 20:00:00,Vijay Nagar,240.22,4.3,0,96.6
2026-05-25 20:00:00,Palasia,183.5,4.36,0,98.3
2026-05-25 20:00:00,Sudama Nagar,169.6,4.41,0,98.3
2026-05-25 20:00:00,Bhawarkua,140.59,4.2,0,98.5
2026-05-26 00:00:00,Rajwada Central,103.87,4.05,0,96.4
2026-05-26 00:00:00,Vijay Nagar,123.79,4.29,0,96.2
2026-05-26 00:00:00,Palasia,106.89,3.74,0,96.8
2026-05-26 00:00:00,Sudama Nagar,86.87,4.08,0,97.9
2026-05-26 00:00:00,Bhawarkua,65.11,3.97,0,96.4
2026-05-26 04:00:00,Rajwada Central,192.21,3.78,0,95.9
2026-05-26 04:00:00,Vijay Nagar,340.2,4.12,0,98.1
2026-05-26 04:00:00,Palasia,267.94,4.05,0,97.1
2026-05-26 04:00:00,Sudama Nagar,212.11,3.37,0,96.9
2026-05-26 04:00:00,Bhawarkua,207.81,4.54,0,95.7
2026-05-26 08:00:00,Rajwada Central,190.24,3.32,0,95.3
2026-05-26 08:00:00,Vijay Nagar,334.18,3.78,0,96.1
2026-05-26 08:00:00,Palasia,264.28,4.17,0,97.0
2026-05-26 08:00:00,Sudama Nagar,204.32,4.12,0,94.8
2026-05-26 08:00:00,Bhawarkua,205.55,3.98,0,97.0
2026-05-26 12:00:00,Rajwada Central,74.59,3.94,0,97.5
2026-05-26 12:00:00,Vijay Nagar,153.71,3.49,0,97.7
2026-05-26 12:00:00,Palasia,120.21,3.62,0,96.8
2026-05-26 12:00:00,Sudama Nagar,84.91,4.6,0,99.6
2026-05-26 12:00:00,Bhawarkua,66.35,3.91,0,97.2
2026-05-26 16:00:00,Rajwada Central,156.28,4.06,0,95.9
2026-05-26 16:00:00,Vijay Nagar,234.49,3.54,0,94.6
2026-05-26 16:00:00,Palasia,174.83,4.35,0,97.9
2026-05-26 16:00:00,Sudama Nagar,156.24,3.93,0,97.0
2026-05-26 16:00:00,Bhawarkua,146.38,3.52,0,97.8
2026-05-26 20:00:00,Rajwada Central,159.83,3.65,0,95.6
2026-05-26 20:00:00,Vijay Nagar,250.62,4.1,0,97.9
2026-05-26 20:00:00,Palasia,210.56,3.68,0,96.9
2026-05-26 20:00:00,Sudama Nagar,137.59,3.72,0,96.5
2026-05-26 20:00:00,Bhawarkua,166.88,4.33,0,96.9
2026-05-27 00:00:00,Rajwada Central,55.73,4.12,0,97.4
2026-05-27 00:00:00,Vijay Nagar,123.2,4.25,0,95.9
2026-05-27 00:00:00,Palasia,115.53,4.07,0,95.2
2026-05-27 00:00:00,Sudama Nagar,77.26,4.04,0,97.4
2026-05-27 00:00:00,Bhawarkua,94.0,4.35,0,96.7
2026-05-27 04:00:00,Rajwada Central,210.71,4.48,0,95.8
2026-05-27 04:00:00,Vijay Nagar,328.7,3.5,0,96.2
2026-05-27 04:00:00,Palasia,266.47,3.37,0,97.5
2026-05-27 04:00:00,Sudama Nagar,198.33,3.98,0,95.6
2026-05-27 04:00:00,Bhawarkua,202.77,4.5,0,96.5
2026-05-27 08:00:00,Rajwada Central,177.44,4.36,0,97.7
2026-05-27 08:00:00,Vijay Nagar,337.13,4.17,0,97.1
2026-05-27 08:00:00,Palasia,283.72,4.23,0,96.5
2026-05-27 08:00:00,Sudama Nagar,221.9,4.55,0,98.1
2026-05-27 08:00:00,Bhawarkua,208.88,3.74,0,97.8
2026-05-27 12:00:00,Rajwada Central,86.26,3.99,0,97.8
2026-05-27 12:00:00,Vijay Nagar,135.44,4.16,0,98.2
2026-05-27 12:00:00,Palasia,89.63,3.69,0,95.9
2026-05-27 12:00:00,Sudama Nagar,104.88,4.19,0,97.9
2026-05-27 12:00:00,Bhawarkua,95.15,3.69,0,94.6
2026-05-27 16:00:00,Rajwada Central,148.85,4.27,0,96.8
2026-05-27 16:00:00,Vijay Nagar,229.96,3.73,0,95.6
2026-05-27 16:00:00,Palasia,186.25,3.65,0,97.2
2026-05-27 16:00:00,Sudama Nagar,143.03,4.19,0,95.8
2026-05-27 16:00:00,Bhawarkua,152.66,3.99,0,97.5
2026-05-27 20:00:00,Rajwada Central,156.04,4.19,0,98.0
2026-05-27 20:00:00,Vijay Nagar,252.91,4.09,0,96.2
2026-05-27 20:00:00,Palasia,203.81,3.79,0,96.6
2026-05-27 20:00:00,Sudama Nagar,139.26,3.74,0,96.6
2026-05-27 20:00:00,Bhawarkua,146.8,3.76,0,97.0
2026-05-28 00:00:00,Rajwada Central,83.48,3.84,0,99.7
2026-05-28 00:00:00,Vijay Nagar,138.39,4.04,0,96.2
2026-05-28 00:00:00,Palasia,107.25,4.07,0,97.0
2026-05-28 00:00:00,Sudama Nagar,98.62,3.49,0,96.5
2026-05-28 00:00:00,Bhawarkua,90.17,3.73,0,95.1
2026-05-28 04:00:00,Rajwada Central,197.77,4.31,0,96.0
2026-05-28 04:00:00,Vijay Nagar,331.72,4.13,0,96.3
2026-05-28 04:00:00,Palasia,258.72,3.8,0,96.3
2026-05-28 04:00:00,Sudama Nagar,190.04,3.92,0,98.3
2026-05-28 04:00:00,Bhawarkua,222.99,4.37,0,97.2
2026-05-28 08:00:00,Rajwada Central,223.91,4.69,0,97.2
2026-05-28 08:00:00,Vijay Nagar,324.11,4.39,0,95.6
2026-05-28 08:00:00,Palasia,253.36,3.38,0,97.9
2026-05-28 08:00:00,Sudama Nagar,176.21,4.3,0,99.2
2026-05-28 08:00:00,Bhawarkua,224.73,3.62,0,94.8
2026-05-28 12:00:00,Rajwada Central,73.89,4.26,0,98.4
2026-05-28 12:00:00,Vijay Nagar,142.37,4.16,0,99.8
2026-05-28 12:00:00,Palasia,99.86,3.77,0,95.6
2026-05-28 12:00:00,Sudama Nagar,86.8,3.95,0,98.0
2026-05-28 12:00:00,Bhawarkua,76.19,4.19,0,96.5
2026-05-28 16:00:00,Rajwada Central,147.65,3.98,0,95.0
2026-05-28 16:00:00,Vijay Nagar,244.72,4.17,0,95.8
2026-05-28 16:00:00,Palasia,216.52,4.0,0,96.2
2026-05-28 16:00:00,Sudama Nagar,141.71,4.41,0,96.0
2026-05-28 16:00:00,Bhawarkua,153.18,4.26,0,97.7
2026-05-28 20:00:00,Rajwada Central,142.85,4.25,0,97.2
2026-05-28 20:00:00,Vijay Nagar,225.76,4.37,0,96.3
2026-05-28 20:00:00,Palasia,191.49,4.09,0,96.4
2026-05-28 20:00:00,Sudama Nagar,158.68,3.67,0,96.3
2026-05-28 20:00:00,Bhawarkua,164.31,4.01,0,95.7
2026-05-29 00:00:00,Rajwada Central,82.54,4.12,0,95.1
2026-05-29 00:00:00,Vijay Nagar,154.25,4.54,0,97.1
2026-05-29 00:00:00,Palasia,103.2,4.01,0,98.1
2026-05-29 00:00:00,Sudama Nagar,87.03,4.07,0,98.7
2026-05-29 00:00:00,Bhawarkua,95.17,3.71,0,98.1
2026-05-29 04:00:00,Rajwada Central,217.82,4.08,0,97.7
2026-05-29 04:00:00,Vijay Nagar,332.31,3.64,0,99.3
2026-05-29 04:00:00,Palasia,247.93,4.5,0,96.9
2026-05-29 04:00:00,Sudama Nagar,218.97,4.01,0,98.1
2026-05-29 04:00:00,Bhawarkua,209.39,3.8,0,97.2
2026-05-29 08:00:00,Rajwada Central,202.28,4.19,0,97.2
2026-05-29 08:00:00,Vijay Nagar,339.43,3.69,0,95.5
2026-05-29 08:00:00,Palasia,264.85,4.05,0,95.7
2026-05-29 08:00:00,Sudama Nagar,210.86,4.18,0,97.2
2026-05-29 08:00:00,Bhawarkua,204.19,3.62,0,95.5
2026-05-29 12:00:00,Rajwada Central,86.34,3.75,0,96.1
2026-05-29 12:00:00,Vijay Nagar,137.75,4.61,0,96.5
2026-05-29 12:00:00,Palasia,130.21,3.98,0,97.7
2026-05-29 12:00:00,Sudama Nagar,93.12,4.31,0,97.4
2026-05-29 12:00:00,Bhawarkua,78.84,4.25,0,97.5
2026-05-29 16:00:00,Rajwada Central,144.37,4.42,0,97.5
2026-05-29 16:00:00,Vijay Nagar,237.41,3.74,0,99.4
2026-05-29 16:00:00,Palasia,187.69,4.23,0,97.5
2026-05-29 16:00:00,Sudama Nagar,158.23,4.57,0,98.2
2026-05-29 16:00:00,Bhawarkua,159.63,3.94,0,96.2
2026-05-29 20:00:00,Rajwada Central,178.63,3.99,0,96.9
2026-05-29 20:00:00,Vijay Nagar,249.87,4.06,0,98.9
2026-05-29 20:00:00,Palasia,200.08,3.61,0,96.2
2026-05-29 20:00:00,Sudama Nagar,149.73,4.31,0,95.2
2026-05-29 20:00:00,Bhawarkua,155.53,4.22,0,98.1
2026-05-30 00:00:00,Rajwada Central,80.64,4.31,0,96.0
2026-05-30 00:00:00,Vijay Nagar,145.75,3.98,0,97.1
2026-05-30 00:00:00,Palasia,105.98,4.2,0,95.7
2026-05-30 00:00:00,Sudama Nagar,92.22,4.26,0,96.6
2026-05-30 00:00:00,Bhawarkua,81.63,3.74,0,95.6
2026-05-30 04:00:00,Rajwada Central,206.37,4.06,0,96.6
2026-05-30 04:00:00,Vijay Nagar,321.0,4.14,0,96.6
2026-05-30 04:00:00,Palasia,255.01,4.38,0,95.8
2026-05-30 04:00:00,Sudama Nagar,210.74,3.55,0,95.3
2026-05-30 04:00:00,Bhawarkua,209.79,3.9,0,95.6
2026-05-30 08:00:00,Rajwada Central,215.4,4.11,0,94.4
2026-05-30 08:00:00,Vijay Nagar,347.51,3.68,0,95.0
2026-05-30 08:00:00,Palasia,330.4,1.79,1,91.1
2026-05-30 08:00:00,Sudama Nagar,184.38,3.58,0,96.1
2026-05-30 08:00:00,Bhawarkua,195.64,4.23,0,96.5
2026-05-30 12:00:00,Rajwada Central,90.51,4.33,0,97.7
2026-05-30 12:00:00,Vijay Nagar,97.51,3.91,0,96.8
2026-05-30 12:00:00,Palasia,104.95,3.38,0,96.1
2026-05-30 12:00:00,Sudama Nagar,65.25,3.72,0,96.7
2026-05-30 12:00:00,Bhawarkua,72.7,3.74,0,96.8
2026-05-30 16:00:00,Rajwada Central,143.69,4.06,0,96.5
2026-05-30 16:00:00,Vijay Nagar,227.59,3.69,0,96.6
2026-05-30 16:00:00,Palasia,188.22,3.58,0,97.8
2026-05-30 16:00:00,Sudama Nagar,153.35,3.82,0,96.8
2026-05-30 16:00:00,Bhawarkua,136.74,4.26,0,99.5
2026-05-30 20:00:00,Rajwada Central,141.86,4.37,0,96.0
2026-05-30 20:00:00,Vijay Nagar,240.02,4.43,0,96.9
2026-05-30 20:00:00,Palasia,201.84,3.92,0,94.8
2026-05-30 20:00:00,Sudama Nagar,177.65,3.93,0,97.2
2026-05-30 20:00:00,Bhawarkua,140.81,4.23,0,97.8
2026-05-31 00:00:00,Rajwada Central,62.91,4.05,0,98.1
2026-05-31 00:00:00,Vijay Nagar,148.81,4.19,0,97.9
2026-05-31 00:00:00,Palasia,99.12,3.63,0,96.6
2026-05-31 00:00:00,Sudama Nagar,66.58,3.78,0,96.1
2026-05-31 00:00:00,Bhawarkua,70.31,4.16,0,95.8
2026-05-31 04:00:00,Rajwada Central,226.03,4.3,0,98.4
2026-05-31 04:00:00,Vijay Nagar,327.73,4.06,0,95.7
2026-05-31 04:00:00,Palasia,266.61,3.47,0,98.3
2026-05-31 04:00:00,Sudama Nagar,196.26,4.09,0,97.6
2026-05-31 04:00:00,Bhawarkua,197.35,3.76,0,96.9
2026-05-31 08:00:00,Rajwada Central,213.64,3.96,0,97.7
2026-05-31 08:00:00,Vijay Nagar,345.53,3.94,0,96.9
2026-05-31 08:00:00,Palasia,265.67,4.34,0,96.6
2026-05-31 08:00:00,Sudama Nagar,217.65,4.08,0,96.1
2026-05-31 08:00:00,Bhawarkua,203.5,3.66,0,95.4
2026-05-31 12:00:00,Rajwada Central,88.88,4.24,0,97.0
2026-05-31 12:00:00,Vijay Nagar,134.97,3.83,0,97.2
2026-05-31 12:00:00,Palasia,129.38,4.3,0,96.9
2026-05-31 12:00:00,Sudama Nagar,79.64,3.89,0,95.3
2026-05-31 12:00:00,Bhawarkua,75.81,4.2,0,95.9
2026-05-31 16:00:00,Rajwada Central,146.24,3.66,0,97.9
2026-05-31 16:00:00,Vijay Nagar,231.12,4.18,0,98.2
2026-05-31 16:00:00,Palasia,189.72,3.79,0,97.6
2026-05-31 16:00:00,Sudama Nagar,168.83,4.4,0,96.9
2026-05-31 16:00:00,Bhawarkua,139.0,3.93,0,95.0
2026-05-31 20:00:00,Rajwada Central,142.93,4.14,0,96.6
2026-05-31 20:00:00,Vijay Nagar,239.19,3.98,0,96.7
2026-05-31 20:00:00,Palasia,202.67,3.6,0,97.6
2026-05-31 20:00:00,Sudama Nagar,149.05,4.13,0,95.3
2026-05-31 20:00:00,Bhawarkua,160.2,4.16,0,99.0
2026-06-01 00:00:00,Rajwada Central,87.93,3.82,0,94.9
2026-06-01 00:00:00,Vijay Nagar,151.4,4.43,0,97.4
2026-06-01 00:00:00,Palasia,118.0,4.04,0,96.9
2026-06-01 00:00:00,Sudama Nagar,75.01,3.48,0,98.3
2026-06-01 00:00:00,Bhawarkua,106.76,3.55,0,96.8
2026-06-01 04:00:00,Rajwada Central,236.21,4.33,0,97.5
2026-06-01 04:00:00,Vijay Nagar,389.94,4.04,0,97.0
2026-06-01 04:00:00,Palasia,316.34,3.85,0,97.0
2026-06-01 04:00:00,Sudama Nagar,234.59,3.64,0,95.5
2026-06-01 04:00:00,Bhawarkua,232.21,4.13,0,97.5
2026-06-01 08:00:00,Rajwada Central,262.33,3.93,0,97.8
2026-06-01 08:00:00,Vijay Nagar,403.76,4.09,0,98.0
2026-06-01 08:00:00,Palasia,323.78,4.03,0,96.3
2026-06-01 08:00:00,Sudama Nagar,248.11,4.41,0,97.2
2026-06-01 08:00:00,Bhawarkua,240.06,4.25,0,95.3
2026-06-01 12:00:00,Rajwada Central,93.6,3.71,0,96.9
2026-06-01 12:00:00,Vijay Nagar,176.24,4.19,0,94.8
2026-06-01 12:00:00,Palasia,119.3,3.55,0,98.3
2026-06-01 12:00:00,Sudama Nagar,90.93,4.02,0,97.1
2026-06-01 12:00:00,Bhawarkua,100.39,3.13,0,97.4
2026-06-01 16:00:00,Rajwada Central,172.94,4.25,0,97.2
2026-06-01 16:00:00,Vijay Nagar,303.26,3.78,0,95.6
2026-06-01 16:00:00,Palasia,243.0,4.17,0,97.3
2026-06-01 16:00:00,Sudama Nagar,182.17,4.13,0,95.4
2026-06-01 16:00:00,Bhawarkua,192.43,3.95,0,96.8
2026-06-01 20:00:00,Rajwada Central,174.5,3.26,0,97.7
2026-06-01 20:00:00,Vijay Nagar,283.7,4.03,0,96.0
2026-06-01 20:00:00,Palasia,228.2,3.88,0,96.0
2026-06-01 20:00:00,Sudama Nagar,176.81,3.86,0,95.8
2026-06-01 20:00:00,Bhawarkua,193.59,3.76,0,97.7
2026-06-02 00:00:00,Rajwada Central,105.94,4.28,0,96.3
2026-06-02 00:00:00,Vijay Nagar,158.9,3.95,0,97.6
2026-06-02 00:00:00,Palasia,123.81,4.14,0,96.7
2026-06-02 00:00:00,Sudama Nagar,111.33,4.0,0,96.8
2026-06-02 00:00:00,Bhawarkua,101.99,4.49,0,96.3
2026-06-02 04:00:00,Rajwada Central,257.27,3.75,0,97.1
2026-06-02 04:00:00,Vijay Nagar,393.66,3.89,0,96.2
2026-06-02 04:00:00,Palasia,325.18,3.85,0,97.6
2026-06-02 04:00:00,Sudama Nagar,238.48,4.0,0,98.7
2026-06-02 04:00:00,Bhawarkua,235.85,3.78,0,96.7
2026-06-02 08:00:00,Rajwada Central,244.59,4.19,0,97.1
2026-06-02 08:00:00,Vijay Nagar,406.14,3.65,0,97.4
2026-06-02 08:00:00,Palasia,320.74,4.2,0,96.6
2026-06-02 08:00:00,Sudama Nagar,244.72,4.21,0,95.7
2026-06-02 08:00:00,Bhawarkua,223.26,3.67,0,96.2
2026-06-02 12:00:00,Rajwada Central,110.79,4.61,0,95.9
2026-06-02 12:00:00,Vijay Nagar,160.27,3.84,0,97.6
2026-06-02 12:00:00,Palasia,130.08,3.74,0,96.3
2026-06-02 12:00:00,Sudama Nagar,96.2,4.37,0,96.2
2026-06-02 12:00:00,Bhawarkua,79.3,4.39,0,97.6
2026-06-02 16:00:00,Rajwada Central,165.57,4.09,0,98.0
2026-06-02 16:00:00,Vijay Nagar,296.8,4.41,0,97.7
2026-06-02 16:00:00,Palasia,235.99,4.06,0,97.2
2026-06-02 16:00:00,Sudama Nagar,190.06,3.96,0,98.1
2026-06-02 16:00:00,Bhawarkua,183.26,4.03,0,96.6
2026-06-02 20:00:00,Rajwada Central,175.94,4.1,0,98.2
2026-06-02 20:00:00,Vijay Nagar,301.73,3.79,0,95.1
2026-06-02 20:00:00,Palasia,241.2,4.8,0,96.7
2026-06-02 20:00:00,Sudama Nagar,173.96,4.25,0,96.0
2026-06-02 20:00:00,Bhawarkua,197.47,4.12,0,97.0
2026-06-03 00:00:00,Rajwada Central,88.63,4.26,0,96.5
2026-06-03 00:00:00,Vijay Nagar,169.79,4.12,0,98.5
2026-06-03 00:00:00,Palasia,128.63,4.93,0,97.7
2026-06-03 00:00:00,Sudama Nagar,99.68,3.88,0,98.1
2026-06-03 00:00:00,Bhawarkua,93.52,3.77,0,96.4
2026-06-03 04:00:00,Rajwada Central,242.49,4.67,0,97.4
2026-06-03 04:00:00,Vijay Nagar,395.27,4.33,0,97.2
2026-06-03 04:00:00,Palasia,332.34,4.57,0,95.2
2026-06-03 04:00:00,Sudama Nagar,216.3,4.6,0,96.2
2026-06-03 04:00:00,Bhawarkua,224.42,3.84,0,95.8
2026-06-03 08:00:00,Rajwada Central,235.53,4.26,0,96.6
2026-06-03 08:00:00,Vijay Nagar,383.79,4.01,0,96.0
2026-06-03 08:00:00,Palasia,313.81,3.94,0,98.0
2026-06-03 08:00:00,Sudama Nagar,238.74,4.21,0,95.1
2026-06-03 08:00:00,Bhawarkua,255.59,4.39,0,96.7
2026-06-03 12:00:00,Rajwada Central,88.1,3.68,0,97.0
2026-06-03 12:00:00,Vijay Nagar,175.87,3.87,0,98.3
2026-06-03 12:00:00,Palasia,112.9,3.89,0,96.9
2026-06-03 12:00:00,Sudama Nagar,100.52,3.9,0,98.5
2026-06-03 12:00:00,Bhawarkua,113.07,3.95,0,96.4
2026-06-03 16:00:00,Rajwada Central,172.32,4.31,0,96.2
2026-06-03 16:00:00,Vijay Nagar,278.14,3.61,0,97.8
2026-06-03 16:00:00,Palasia,215.94,3.88,0,97.1
2026-06-03 16:00:00,Sudama Nagar,159.33,4.05,0,96.6
2026-06-03 16:00:00,Bhawarkua,156.63,4.06,0,97.5
2026-06-03 20:00:00,Rajwada Central,181.74,4.15,0,97.3
2026-06-03 20:00:00,Vijay Nagar,304.44,3.72,0,95.3
2026-06-03 20:00:00,Palasia,218.38,3.76,0,99.4
2026-06-03 20:00:00,Sudama Nagar,169.88,3.84,0,96.7
2026-06-03 20:00:00,Bhawarkua,175.24,4.54,0,94.9
2026-06-04 00:00:00,Rajwada Central,124.14,4.04,0,98.2
2026-06-04 00:00:00,Vijay Nagar,161.52,4.24,0,95.9
2026-06-04 00:00:00,Palasia,110.46,4.78,0,99.3
2026-06-04 00:00:00,Sudama Nagar,85.27,4.21,0,98.4
2026-06-04 00:00:00,Bhawarkua,105.84,3.94,0,99.4
2026-06-04 04:00:00,Rajwada Central,253.05,3.72,0,96.5
2026-06-04 04:00:00,Vijay Nagar,507.47,1.78,1,90.8
2026-06-04 04:00:00,Palasia,325.86,4.22,0,97.5
2026-06-04 04:00:00,Sudama Nagar,249.14,4.31,0,96.7
2026-06-04 04:00:00,Bhawarkua,216.08,4.63,0,95.9
2026-06-04 08:00:00,Rajwada Central,253.15,3.9,0,98.7
2026-06-04 08:00:00,Vijay Nagar,391.66,3.79,0,96.4
2026-06-04 08:00:00,Palasia,323.45,4.07,0,97.7
2026-06-04 08:00:00,Sudama Nagar,246.32,4.28,0,98.1
2026-06-04 08:00:00,Bhawarkua,262.97,4.1,0,97.4
2026-06-04 12:00:00,Rajwada Central,119.12,4.36,0,97.6
2026-06-04 12:00:00,Vijay Nagar,144.55,3.49,0,97.7
2026-06-04 12:00:00,Palasia,134.57,3.78,0,97.4
2026-06-04 12:00:00,Sudama Nagar,86.96,4.17,0,97.7
2026-06-04 12:00:00,Bhawarkua,105.02,4.1,0,96.6
2026-06-04 16:00:00,Rajwada Central,176.98,4.35,0,97.5
2026-06-04 16:00:00,Vijay Nagar,301.54,4.03,0,97.8
2026-06-04 16:00:00,Palasia,243.83,3.81,0,97.7
2026-06-04 16:00:00,Sudama Nagar,176.81,4.09,0,98.0
2026-06-04 16:00:00,Bhawarkua,162.1,3.67,0,96.2
2026-06-04 20:00:00,Rajwada Central,170.76,3.95,0,99.0
2026-06-04 20:00:00,Vijay Nagar,309.82,3.83,0,98.0
2026-06-04 20:00:00,Palasia,231.8,4.1,0,95.8
2026-06-04 20:00:00,Sudama Nagar,163.67,4.22,0,97.0
2026-06-04 20:00:00,Bhawarkua,185.79,4.48,0,96.7
2026-06-05 00:00:00,Rajwada Central,95.16,4.53,0,97.0
2026-06-05 00:00:00,Vijay Nagar,151.64,4.22,0,96.7
2026-06-05 00:00:00,Palasia,116.85,4.03,0,98.0
2026-06-05 00:00:00,Sudama Nagar,84.01,3.65,0,96.9
2026-06-05 00:00:00,Bhawarkua,84.72,3.62,0,97.0
2026-06-05 04:00:00,Rajwada Central,258.07,4.24,0,96.9
2026-06-05 04:00:00,Vijay Nagar,418.59,4.52,0,97.6
2026-06-05 04:00:00,Palasia,312.41,4.47,0,98.8
2026-06-05 04:00:00,Sudama Nagar,247.84,4.37,0,96.1
2026-06-05 04:00:00,Bhawarkua,219.99,3.71,0,97.2
2026-06-05 08:00:00,Rajwada Central,243.91,4.29,0,95.2
2026-06-05 08:00:00,Vijay Nagar,385.61,4.23,0,95.3
2026-06-05 08:00:00,Palasia,313.55,4.01,0,96.2
2026-06-05 08:00:00,Sudama Nagar,251.73,3.38,0,99.2
2026-06-05 08:00:00,Bhawarkua,240.84,3.95,0,100.0
2026-06-05 12:00:00,Rajwada Central,81.6,3.69,0,98.7
2026-06-05 12:00:00,Vijay Nagar,142.6,4.15,0,96.3
2026-06-05 12:00:00,Palasia,107.33,4.16,0,97.7
2026-06-05 12:00:00,Sudama Nagar,97.94,4.62,0,96.1
2026-06-05 12:00:00,Bhawarkua,108.32,4.1,0,98.2
2026-06-05 16:00:00,Rajwada Central,173.47,3.58,0,96.2
2026-06-05 16:00:00,Vijay Nagar,294.91,4.2,0,97.0
2026-06-05 16:00:00,Palasia,234.9,4.52,0,97.0
2026-06-05 16:00:00,Sudama Nagar,173.13,4.13,0,94.9
2026-06-05 16:00:00,Bhawarkua,158.9,3.96,0,95.9
2026-06-05 20:00:00,Rajwada Central,172.22,4.28,0,97.6
2026-06-05 20:00:00,Vijay Nagar,294.76,4.02,0,96.5
2026-06-05 20:00:00,Palasia,242.51,4.24,0,98.2
2026-06-05 20:00:00,Sudama Nagar,190.86,4.02,0,96.2
2026-06-05 20:00:00,Bhawarkua,177.51,4.03,0,96.2
2026-06-06 00:00:00,Rajwada Central,117.48,4.49,0,96.9
2026-06-06 00:00:00,Vijay Nagar,173.65,4.17,0,96.4
2026-06-06 00:00:00,Palasia,131.66,3.77,0,95.9
2026-06-06 00:00:00,Sudama Nagar,103.64,4.15,0,100.0
2026-06-06 00:00:00,Bhawarkua,96.05,3.84,0,98.1
2026-06-06 04:00:00,Rajwada Central,244.5,3.81,0,96.3
2026-06-06 04:00:00,Vijay Nagar,401.05,4.32,0,97.5
2026-06-06 04:00:00,Palasia,306.8,4.55,0,95.9
2026-06-06 04:00:00,Sudama Nagar,235.95,4.35,0,98.8
2026-06-06 04:00:00,Bhawarkua,249.04,3.61,0,97.1
2026-06-06 08:00:00,Rajwada Central,228.4,4.75,0,97.3
2026-06-06 08:00:00,Vijay Nagar,412.82,3.89,0,99.2
2026-06-06 08:00:00,Palasia,310.77,3.74,0,97.4
2026-06-06 08:00:00,Sudama Nagar,255.36,4.64,0,98.9
2026-06-06 08:00:00,Bhawarkua,259.14,3.79,0,96.2
2026-06-06 12:00:00,Rajwada Central,87.39,3.95,0,94.7
2026-06-06 12:00:00,Vijay Nagar,177.67,3.69,0,95.6
2026-06-06 12:00:00,Palasia,121.85,3.6,0,97.8
2026-06-06 12:00:00,Sudama Nagar,86.33,4.15,0,98.1
2026-06-06 12:00:00,Bhawarkua,91.33,3.78,0,96.0
2026-06-06 16:00:00,Rajwada Central,166.53,3.87,0,97.1
2026-06-06 16:00:00,Vijay Nagar,279.08,3.81,0,97.2
2026-06-06 16:00:00,Palasia,232.74,3.2,0,97.8
2026-06-06 16:00:00,Sudama Nagar,194.38,3.83,0,94.9
2026-06-06 16:00:00,Bhawarkua,170.35,3.76,0,98.4
2026-06-06 20:00:00,Rajwada Central,166.4,3.89,0,99.0
2026-06-06 20:00:00,Vijay Nagar,297.61,4.06,0,96.9
2026-06-06 20:00:00,Palasia,244.05,4.12,0,99.2
2026-06-06 20:00:00,Sudama Nagar,203.07,4.09,0,97.0
2026-06-06 20:00:00,Bhawarkua,181.48,3.83,0,97.2
2026-06-07 00:00:00,Rajwada Central,80.61,3.79,0,97.9
2026-06-07 00:00:00,Vijay Nagar,167.74,3.96,0,97.5
2026-06-07 00:00:00,Palasia,144.79,3.88,0,95.3
2026-06-07 00:00:00,Sudama Nagar,105.45,4.16,0,97.9
2026-06-07 00:00:00,Bhawarkua,83.55,3.55,0,97.3
2026-06-07 04:00:00,Rajwada Central,247.14,3.89,0,98.7
2026-06-07 04:00:00,Vijay Nagar,403.08,4.37,0,98.1
2026-06-07 04:00:00,Palasia,303.72,3.73,0,95.5
2026-06-07 04:00:00,Sudama Nagar,249.98,4.03,0,98.6
2026-06-07 04:00:00,Bhawarkua,251.94,3.61,0,96.4
2026-06-07 08:00:00,Rajwada Central,219.47,4.09,0,100.0
2026-06-07 08:00:00,Vijay Nagar,404.77,4.06,0,97.0
2026-06-07 08:00:00,Palasia,321.07,3.95,0,97.7
2026-06-07 08:00:00,Sudama Nagar,235.53,3.78,0,95.4
2026-06-07 08:00:00,Bhawarkua,244.41,3.67,0,98.7
2026-06-07 12:00:00,Rajwada Central,92.75,3.41,0,95.6
2026-06-07 12:00:00,Vijay Nagar,162.9,4.2,0,97.4
2026-06-07 12:00:00,Palasia,116.85,3.83,0,96.2
2026-06-07 12:00:00,Sudama Nagar,104.72,4.03,0,96.5
2026-06-07 12:00:00,Bhawarkua,90.01,3.84,0,97.0
2026-06-07 16:00:00,Rajwada Central,195.61,4.06,0,96.6
2026-06-07 16:00:00,Vijay Nagar,290.71,4.51,0,98.0
2026-06-07 16:00:00,Palasia,244.06,4.22,0,96.9
2026-06-07 16:00:00,Sudama Nagar,252.06,1.51,1,92.9
2026-06-07 16:00:00,Bhawarkua,188.43,4.15,0,96.1
2026-06-07 20:00:00,Rajwada Central,190.69,4.34,0,96.2
2026-06-07 20:00:00,Vijay Nagar,287.59,3.69,0,97.7
2026-06-07 20:00:00,Palasia,231.14,4.64,0,95.2
2026-06-07 20:00:00,Sudama Nagar,169.07,4.0,0,97.8
2026-06-07 20:00:00,Bhawarkua,186.96,4.03,0,97.4
2026-06-08 00:00:00,Rajwada Central,99.34,4.31,0,96.3
2026-06-08 00:00:00,Vijay Nagar,155.96,4.21,0,98.9
2026-06-08 00:00:00,Palasia,119.11,4.07,0,96.5
2026-06-08 00:00:00,Sudama Nagar,104.58,3.51,0,96.6
2026-06-08 00:00:00,Bhawarkua,91.03,3.9,0,94.0
2026-06-08 04:00:00,Rajwada Central,269.09,3.25,0,97.6
2026-06-08 04:00:00,Vijay Nagar,387.67,3.63,0,97.2
2026-06-08 04:00:00,Palasia,325.09,3.68,0,95.7
2026-06-08 04:00:00,Sudama Nagar,229.26,4.06,0,95.7
2026-06-08 04:00:00,Bhawarkua,260.26,3.65,0,97.7
2026-06-08 08:00:00,Rajwada Central,263.34,4.02,0,94.9
2026-06-08 08:00:00,Vijay Nagar,408.0,3.93,0,97.0
2026-06-08 08:00:00,Palasia,335.83,4.02,0,97.6
2026-06-08 08:00:00,Sudama Nagar,236.86,3.92,0,98.3
2026-06-08 08:00:00,Bhawarkua,246.44,4.09,0,98.2
2026-06-08 12:00:00,Rajwada Central,117.48,3.65,0,96.4
2026-06-08 12:00:00,Vijay Nagar,178.78,4.6,0,96.7
2026-06-08 12:00:00,Palasia,129.98,4.11,0,97.3
2026-06-08 12:00:00,Sudama Nagar,100.89,4.41,0,94.8
2026-06-08 12:00:00,Bhawarkua,90.06,4.19,0,96.4
2026-06-08 16:00:00,Rajwada Central,182.96,4.33,0,98.9
2026-06-08 16:00:00,Vijay Nagar,299.01,4.45,0,97.2
2026-06-08 16:00:00,Palasia,228.68,3.54,0,95.8
2026-06-08 16:00:00,Sudama Nagar,179.58,4.01,0,97.3
2026-06-08 16:00:00,Bhawarkua,201.56,4.23,0,98.0
2026-06-08 20:00:00,Rajwada Central,201.46,3.89,0,96.4
2026-06-08 20:00:00,Vijay Nagar,310.35,4.15,0,96.9
2026-06-08 20:00:00,Palasia,231.59,3.95,0,96.9
2026-06-08 20:00:00,Sudama Nagar,233.33,1.74,1,91.7
2026-06-08 20:00:00,Bhawarkua,188.48,3.83,0,98.1
2026-06-09 00:00:00,Rajwada Central,82.66,4.15,0,97.7
2026-06-09 00:00:00,Vijay Nagar,160.28,4.02,0,96.7
2026-06-09 00:00:00,Palasia,120.63,4.0,0,96.3
2026-06-09 00:00:00,Sudama Nagar,111.59,3.37,0,96.8
2026-06-09 00:00:00,Bhawarkua,97.64,1.59,1,90.3
2026-06-09 04:00:00,Rajwada Central,260.88,4.35,0,97.1
2026-06-09 04:00:00,Vijay Nagar,403.97,4.31,0,98.4
2026-06-09 04:00:00,Palasia,309.9,4.2,0,95.9
2026-06-09 04:00:00,Sudama Nagar,240.13,4.18,0,96.2
2026-06-09 04:00:00,Bhawarkua,240.54,3.5,0,97.5
2026-06-09 08:00:00,Rajwada Central,234.21,3.75,0,98.6
2026-06-09 08:00:00,Vijay Nagar,394.95,4.23,0,98.3
2026-06-09 08:00:00,Palasia,327.81,3.93,0,96.5
2026-06-09 08:00:00,Sudama Nagar,233.84,3.47,0,97.9
2026-06-09 08:00:00,Bhawarkua,252.93,4.14,0,93.6
2026-06-09 12:00:00,Rajwada Central,95.79,4.19,0,98.5
2026-06-09 12:00:00,Vijay Nagar,164.87,4.06,0,96.2
2026-06-09 12:00:00,Palasia,131.26,3.93,0,96.1
2026-06-09 12:00:00,Sudama Nagar,84.03,3.72,0,97.4
2026-06-09 12:00:00,Bhawarkua,81.27,3.91,0,98.6
2026-06-09 16:00:00,Rajwada Central,162.31,4.13,0,97.7
2026-06-09 16:00:00,Vijay Nagar,292.18,4.19,0,96.8
2026-06-09 16:00:00,Palasia,241.86,3.68,0,99.3
2026-06-09 16:00:00,Sudama Nagar,196.77,3.33,0,98.4
2026-06-09 16:00:00,Bhawarkua,172.6,4.43,0,98.2
2026-06-09 20:00:00,Rajwada Central,166.47,4.17,0,96.2
2026-06-09 20:00:00,Vijay Nagar,302.14,4.01,0,96.1
2026-06-09 20:00:00,Palasia,216.28,4.07,0,97.6
2026-06-09 20:00:00,Sudama Nagar,177.63,3.77,0,96.4
2026-06-09 20:00:00,Bhawarkua,166.37,4.22,0,94.4
2026-06-10 00:00:00,Rajwada Central,109.34,3.98,0,97.6
2026-06-10 00:00:00,Vijay Nagar,168.72,4.04,0,96.5
2026-06-10 00:00:00,Palasia,139.99,3.49,0,98.6
2026-06-10 00:00:00,Sudama Nagar,84.44,3.9,0,98.7
2026-06-10 00:00:00,Bhawarkua,124.67,4.05,0,95.4
2026-06-10 04:00:00,Rajwada Central,255.05,3.99,0,95.7
2026-06-10 04:00:00,Vijay Nagar,405.83,3.61,0,97.2
2026-06-10 04:00:00,Palasia,305.76,3.41,0,95.0
2026-06-10 04:00:00,Sudama Nagar,237.51,4.15,0,98.5
2026-06-10 04:00:00,Bhawarkua,261.93,3.55,0,96.7
2026-06-10 08:00:00,Rajwada Central,237.48,3.97,0,98.7
2026-06-10 08:00:00,Vijay Nagar,405.13,4.26,0,99.7
2026-06-10 08:00:00,Palasia,298.02,3.86,0,97.7
2026-06-10 08:00:00,Sudama Nagar,248.0,4.31,0,96.5
2026-06-10 08:00:00,Bhawarkua,247.27,3.77,0,98.3
2026-06-10 12:00:00,Rajwada Central,98.43,4.42,0,98.7
2026-06-10 12:00:00,Vijay Nagar,145.9,4.47,0,98.1
2026-06-10 12:00:00,Palasia,124.84,4.25,0,96.4
2026-06-10 12:00:00,Sudama Nagar,114.25,4.03,0,98.1
2026-06-10 12:00:00,Bhawarkua,90.35,4.08,0,98.1
2026-06-10 16:00:00,Rajwada Central,183.21,4.17,0,96.1
2026-06-10 16:00:00,Vijay Nagar,299.33,3.77,0,97.0
2026-06-10 16:00:00,Palasia,226.4,3.94,0,94.9
2026-06-10 16:00:00,Sudama Nagar,179.84,3.97,0,95.2
2026-06-10 16:00:00,Bhawarkua,183.62,4.25,0,97.4
2026-06-10 20:00:00,Rajwada Central,188.95,3.84,0,96.7
2026-06-10 20:00:00,Vijay Nagar,296.57,4.04,0,94.2
2026-06-10 20:00:00,Palasia,221.27,4.3,0,96.1
2026-06-10 20:00:00,Sudama Nagar,176.56,3.98,0,95.4
2026-06-10 20:00:00,Bhawarkua,198.48,3.99,0,96.0
2026-06-11 00:00:00,Rajwada Central,105.7,3.91,0,97.1
2026-06-11 00:00:00,Vijay Nagar,178.19,3.84,0,98.4
2026-06-11 00:00:00,Palasia,122.61,4.02,0,97.4
2026-06-11 00:00:00,Sudama Nagar,93.78,3.69,0,97.5
2026-06-11 00:00:00,Bhawarkua,111.38,4.19,0,97.7
2026-06-11 04:00:00,Rajwada Central,239.31,4.21,0,97.4
2026-06-11 04:00:00,Vijay Nagar,413.55,4.03,0,97.7
2026-06-11 04:00:00,Palasia,311.0,4.21,0,95.5
2026-06-11 04:00:00,Sudama Nagar,240.78,3.79,0,100.0
2026-06-11 04:00:00,Bhawarkua,252.63,3.67,0,95.4
2026-06-11 08:00:00,Rajwada Central,223.85,3.66,0,96.0
2026-06-11 08:00:00,Vijay Nagar,391.5,3.86,0,98.0
2026-06-11 08:00:00,Palasia,314.41,4.21,0,95.7
2026-06-11 08:00:00,Sudama Nagar,240.21,3.72,0,97.5
2026-06-11 08:00:00,Bhawarkua,242.63,4.53,0,96.2
2026-06-11 12:00:00,Rajwada Central,85.44,4.09,0,96.8
2026-06-11 12:00:00,Vijay Nagar,167.31,3.98,0,96.8
2026-06-11 12:00:00,Palasia,118.7,3.92,0,95.2
2026-06-11 12:00:00,Sudama Nagar,112.29,4.38,0,98.1
2026-06-11 12:00:00,Bhawarkua,92.43,3.81,0,97.6
2026-06-11 16:00:00,Rajwada Central,168.1,4.34,0,94.1
2026-06-11 16:00:00,Vijay Nagar,290.26,3.68,0,98.5
2026-06-11 16:00:00,Palasia,245.2,4.17,0,99.3
2026-06-11 16:00:00,Sudama Nagar,179.64,4.19,0,95.1
2026-06-11 16:00:00,Bhawarkua,175.68,4.03,0,95.9
2026-06-11 20:00:00,Rajwada Central,182.59,3.41,0,97.6
2026-06-11 20:00:00,Vijay Nagar,290.46,3.76,0,97.9
2026-06-11 20:00:00,Palasia,249.89,4.27,0,96.0
2026-06-11 20:00:00,Sudama Nagar,187.54,3.92,0,98.4
2026-06-11 20:00:00,Bhawarkua,182.17,3.56,0,96.7
2026-06-12 00:00:00,Rajwada Central,88.02,3.77,0,96.6
2026-06-12 00:00:00,Vijay Nagar,164.57,4.27,0,96.4
2026-06-12 00:00:00,Palasia,141.27,3.49,0,96.0
2026-06-12 00:00:00,Sudama Nagar,122.5,3.66,0,98.5
2026-06-12 00:00:00,Bhawarkua,97.61,3.98,0,98.1
2026-06-12 04:00:00,Rajwada Central,254.34,4.4,0,96.7
2026-06-12 04:00:00,Vijay Nagar,404.92,3.92,0,95.7
2026-06-12 04:00:00,Palasia,318.85,3.95,0,94.8
2026-06-12 04:00:00,Sudama Nagar,258.11,4.04,0,96.2
2026-06-12 04:00:00,Bhawarkua,248.79,3.84,0,97.2
2026-06-12 08:00:00,Rajwada Central,261.45,4.12,0,96.4
2026-06-12 08:00:00,Vijay Nagar,390.83,3.79,0,98.0
2026-06-12 08:00:00,Palasia,316.12,4.17,0,96.7
2026-06-12 08:00:00,Sudama Nagar,233.6,4.18,0,96.0
2026-06-12 08:00:00,Bhawarkua,239.9,3.63,0,95.9
2026-06-12 12:00:00,Rajwada Central,108.67,4.31,0,98.3
2026-06-12 12:00:00,Vijay Nagar,174.42,3.89,0,97.8
2026-06-12 12:00:00,Palasia,139.35,3.74,0,97.2
2026-06-12 12:00:00,Sudama Nagar,96.39,3.44,0,97.4
2026-06-12 12:00:00,Bhawarkua,89.35,4.32,0,96.1
2026-06-12 16:00:00,Rajwada Central,183.47,4.03,0,94.9
2026-06-12 16:00:00,Vijay Nagar,291.84,4.11,0,98.2
2026-06-12 16:00:00,Palasia,232.54,4.27,0,97.6
2026-06-12 16:00:00,Sudama Nagar,186.37,4.18,0,96.7
2026-06-12 16:00:00,Bhawarkua,167.65,4.47,0,97.9
2026-06-12 20:00:00,Rajwada Central,178.7,4.19,0,97.5
2026-06-12 20:00:00,Vijay Nagar,285.43,3.9,0,98.6
2026-06-12 20:00:00,Palasia,232.26,4.11,0,98.5
2026-06-12 20:00:00,Sudama Nagar,179.42,3.72,0,97.1
2026-06-12 20:00:00,Bhawarkua,172.82,3.58,0,98.0
2026-06-13 00:00:00,Rajwada Central,94.84,3.1,0,97.3
2026-06-13 00:00:00,Vijay Nagar,164.47,4.59,0,97.0
2026-06-13 00:00:00,Palasia,139.53,4.19,0,96.3
2026-06-13 00:00:00,Sudama Nagar,102.1,3.95,0,96.2
2026-06-13 00:00:00,Bhawarkua,91.72,3.8,0,97.0
2026-06-13 04:00:00,Rajwada Central,244.74,3.84,0,96.8
2026-06-13 04:00:00,Vijay Nagar,380.69,3.7,0,96.6
2026-06-13 04:00:00,Palasia,336.86,4.19,0,95.8
2026-06-13 04:00:00,Sudama Nagar,264.18,4.0,0,95.6
2026-06-13 04:00:00,Bhawarkua,243.85,4.3,0,95.6
2026-06-13 08:00:00,Rajwada Central,232.37,4.54,0,97.4
2026-06-13 08:00:00,Vijay Nagar,397.54,3.97,0,97.3
2026-06-13 08:00:00,Palasia,314.48,4.4,0,97.1
2026-06-13 08:00:00,Sudama Nagar,252.76,4.02,0,97.0
2026-06-13 08:00:00,Bhawarkua,255.52,4.27,0,95.0
2026-06-13 12:00:00,Rajwada Central,97.69,4.61,0,96.5
2026-06-13 12:00:00,Vijay Nagar,166.73,4.37,0,95.7
2026-06-13 12:00:00,Palasia,122.24,3.53,0,97.1
2026-06-13 12:00:00,Sudama Nagar,102.54,4.19,0,98.9
2026-06-13 12:00:00,Bhawarkua,98.68,3.65,0,95.9
2026-06-13 16:00:00,Rajwada Central,170.37,4.06,0,99.8
2026-06-13 16:00:00,Vijay Nagar,294.82,4.41,0,96.9
2026-06-13 16:00:00,Palasia,218.38,3.76,0,96.1
2026-06-13 16:00:00,Sudama Nagar,178.05,4.12,0,96.2
2026-06-13 16:00:00,Bhawarkua,189.01,4.31,0,96.7
2026-06-13 20:00:00,Rajwada Central,190.54,3.42,0,94.2
2026-06-13 20:00:00,Vijay Nagar,305.67,3.87,0,99.6
2026-06-13 20:00:00,Palasia,231.21,3.7,0,99.0
2026-06-13 20:00:00,Sudama Nagar,187.39,4.46,0,96.3
2026-06-13 20:00:00,Bhawarkua,183.89,3.74,0,94.9
2026-06-14 00:00:00,Rajwada Central,106.83,3.86,0,95.8
2026-06-14 00:00:00,Vijay Nagar,144.62,4.05,0,97.1
2026-06-14 00:00:00,Palasia,120.92,3.8,0,97.9
2026-06-14 00:00:00,Sudama Nagar,68.13,4.19,0,97.6
2026-06-14 00:00:00,Bhawarkua,83.16,3.42,0,97.7
2026-06-14 04:00:00,Rajwada Central,230.71,4.47,0,99.5
2026-06-14 04:00:00,Vijay Nagar,408.32,3.97,0,96.7
2026-06-14 04:00:00,Palasia,296.33,3.91,0,96.4
2026-06-14 04:00:00,Sudama Nagar,237.17,4.12,0,97.2
2026-06-14 04:00:00,Bhawarkua,254.23,3.87,0,97.7
2026-06-14 08:00:00,Rajwada Central,244.9,4.18,0,96.9
2026-06-14 08:00:00,Vijay Nagar,424.54,3.27,0,97.8
2026-06-14 08:00:00,Palasia,327.08,3.62,0,99.2
2026-06-14 08:00:00,Sudama Nagar,245.07,3.96,0,97.4
2026-06-14 08:00:00,Bhawarkua,255.45,4.04,0,97.1
2026-06-14 12:00:00,Rajwada Central,107.97,4.29,0,97.4
2026-06-14 12:00:00,Vijay Nagar,142.71,3.69,0,98.3
2026-06-14 12:00:00,Palasia,123.38,3.82,0,97.5
2026-06-14 12:00:00,Sudama Nagar,101.71,3.93,0,97.9
2026-06-14 12:00:00,Bhawarkua,82.7,3.48,0,98.8
2026-06-14 16:00:00,Rajwada Central,166.05,3.56,0,96.6
2026-06-14 16:00:00,Vijay Nagar,295.32,3.86,0,96.7
2026-06-14 16:00:00,Palasia,215.26,4.21,0,95.2
2026-06-14 16:00:00,Sudama Nagar,179.79,4.07,0,97.8
2026-06-14 16:00:00,Bhawarkua,182.25,3.67,0,96.5
2026-06-14 20:00:00,Rajwada Central,171.07,3.53,0,97.5
2026-06-14 20:00:00,Vijay Nagar,286.6,4.04,0,96.9
2026-06-14 20:00:00,Palasia,218.69,3.64,0,96.6
2026-06-14 20:00:00,Sudama Nagar,163.76,4.3,0,98.6
2026-06-14 20:00:00,Bhawarkua,188.92,4.1,0,97.1
2026-06-15 00:00:00,Rajwada Central,85.35,4.25,0,98.6
2026-06-15 00:00:00,Vijay Nagar,157.21,3.99,0,96.0
2026-06-15 00:00:00,Palasia,122.75,3.62,0,96.7
2026-06-15 00:00:00,Sudama Nagar,103.11,4.1,0,97.3
2026-06-15 00:00:00,Bhawarkua,68.62,4.01,0,97.7
2026-06-15 04:00:00,Rajwada Central,244.69,4.34,0,96.9
2026-06-15 04:00:00,Vijay Nagar,407.97,3.7,0,97.7
2026-06-15 04:00:00,Palasia,326.24,3.79,0,95.3
2026-06-15 04:00:00,Sudama Nagar,239.39,3.7,0,97.7
2026-06-15 04:00:00,Bhawarkua,238.93,4.22,0,95.1
2026-06-15 08:00:00,Rajwada Central,234.86,3.77,0,97.3
2026-06-15 08:00:00,Vijay Nagar,378.28,3.92,0,96.6
2026-06-15 08:00:00,Palasia,321.14,4.02,0,95.9
2026-06-15 08:00:00,Sudama Nagar,217.7,3.77,0,95.5
2026-06-15 08:00:00,Bhawarkua,230.3,3.78,0,98.0
2026-06-15 12:00:00,Rajwada Central,82.69,3.44,0,96.3
2026-06-15 12:00:00,Vijay Nagar,157.94,3.9,0,96.2
2026-06-15 12:00:00,Palasia,123.78,4.06,0,96.0
2026-06-15 12:00:00,Sudama Nagar,109.95,3.95,0,98.2
2026-06-15 12:00:00,Bhawarkua,101.08,3.62,0,94.7
2026-06-15 16:00:00,Rajwada Central,192.3,3.73,0,96.9
2026-06-15 16:00:00,Vijay Nagar,288.45,4.4,0,96.9
2026-06-15 16:00:00,Palasia,215.76,3.92,0,98.3
2026-06-15 16:00:00,Sudama Nagar,169.08,3.53,0,97.9
2026-06-15 16:00:00,Bhawarkua,167.77,3.49,0,95.9
2026-06-15 20:00:00,Rajwada Central,182.19,4.12,0,97.4
2026-06-15 20:00:00,Vijay Nagar,282.74,4.25,0,97.8
2026-06-15 20:00:00,Palasia,237.51,3.67,0,96.2
2026-06-15 20:00:00,Sudama Nagar,182.9,4.16,0,95.7
2026-06-15 20:00:00,Bhawarkua,200.13,3.95,0,98.1
2026-06-16 00:00:00,Rajwada Central,82.64,4.05,0,95.4
2026-06-16 00:00:00,Vijay Nagar,162.73,4.13,0,97.6
2026-06-16 00:00:00,Palasia,117.51,3.45,0,97.4
2026-06-16 00:00:00,Sudama Nagar,92.78,3.87,0,95.9
2026-06-16 00:00:00,Bhawarkua,96.92,3.99,0,98.2
2026-06-16 04:00:00,Rajwada Central,220.24,3.59,0,97.5
2026-06-16 04:00:00,Vijay Nagar,376.42,3.77,0,99.8
2026-06-16 04:00:00,Palasia,313.11,4.2,0,94.9
2026-06-16 04:00:00,Sudama Nagar,252.84,3.88,0,97.3
2026-06-16 04:00:00,Bhawarkua,251.12,3.84,0,97.5
2026-06-16 08:00:00,Rajwada Central,230.99,4.01,0,97.6
2026-06-16 08:00:00,Vijay Nagar,515.28,1.6,1,90.4
2026-06-16 08:00:00,Palasia,329.52,4.27,0,97.9
2026-06-16 08:00:00,Sudama Nagar,262.89,4.0,0,97.2
2026-06-16 08:00:00,Bhawarkua,220.88,3.73,0,97.6
2026-06-16 12:00:00,Rajwada Central,108.34,3.61,0,96.9
2026-06-16 12:00:00,Vijay Nagar,187.19,3.97,0,98.7
2026-06-16 12:00:00,Palasia,130.89,4.17,0,95.9
2026-06-16 12:00:00,Sudama Nagar,78.61,4.22,0,97.4
2026-06-16 12:00:00,Bhawarkua,98.65,3.6,0,96.6
2026-06-16 16:00:00,Rajwada Central,172.12,3.84,0,97.3
2026-06-16 16:00:00,Vijay Nagar,304.15,4.09,0,97.2
2026-06-16 16:00:00,Palasia,233.68,3.95,0,96.0
2026-06-16 16:00:00,Sudama Nagar,180.08,4.22,0,96.9
2026-06-16 16:00:00,Bhawarkua,168.48,3.64,0,95.9
2026-06-16 20:00:00,Rajwada Central,165.8,4.87,0,95.9
2026-06-16 20:00:00,Vijay Nagar,295.22,3.97,0,98.7
2026-06-16 20:00:00,Palasia,237.47,4.13,0,97.2
2026-06-16 20:00:00,Sudama Nagar,182.82,4.1,0,96.2
2026-06-16 20:00:00,Bhawarkua,168.51,4.02,0,96.4
2026-06-17 00:00:00,Rajwada Central,100.13,3.68,0,95.2
2026-06-17 00:00:00,Vijay Nagar,145.93,3.98,0,95.1
2026-06-17 00:00:00,Palasia,150.12,4.59,0,98.1
2026-06-17 00:00:00,Sudama Nagar,93.49,3.85,0,97.4
2026-06-17 00:00:00,Bhawarkua,105.08,4.09,0,95.4
2026-06-17 04:00:00,Rajwada Central,242.52,4.16,0,94.2
2026-06-17 04:00:00,Vijay Nagar,389.94,4.16,0,96.6
2026-06-17 04:00:00,Palasia,313.07,4.33,0,96.9
2026-06-17 04:00:00,Sudama Nagar,239.12,3.91,0,96.7
2026-06-17 04:00:00,Bhawarkua,234.79,3.93,0,95.6
2026-06-17 08:00:00,Rajwada Central,240.8,3.85,0,97.3
2026-06-17 08:00:00,Vijay Nagar,421.37,4.08,0,97.1
2026-06-17 08:00:00,Palasia,319.61,3.74,0,97.8
2026-06-17 08:00:00,Sudama Nagar,249.68,3.99,0,97.4
2026-06-17 08:00:00,Bhawarkua,248.73,4.1,0,98.2
2026-06-17 12:00:00,Rajwada Central,88.82,4.39,0,95.1
2026-06-17 12:00:00,Vijay Nagar,169.22,4.05,0,95.8
2026-06-17 12:00:00,Palasia,139.07,3.46,0,99.0
2026-06-17 12:00:00,Sudama Nagar,125.0,3.95,0,95.8
2026-06-17 12:00:00,Bhawarkua,90.99,4.29,0,96.6
2026-06-17 16:00:00,Rajwada Central,144.29,4.12,0,98.1
2026-06-17 16:00:00,Vijay Nagar,301.85,4.2,0,98.9
2026-06-17 16:00:00,Palasia,229.78,4.52,0,96.8
2026-06-17 16:00:00,Sudama Nagar,193.04,3.96,0,99.4
2026-06-17 16:00:00,Bhawarkua,187.3,3.97,0,95.6
2026-06-17 20:00:00,Rajwada Central,181.99,3.75,0,97.5
2026-06-17 20:00:00,Vijay Nagar,303.59,4.31,0,97.6
2026-06-17 20:00:00,Palasia,233.28,4.4,0,98.7
2026-06-17 20:00:00,Sudama Nagar,166.89,4.53,0,98.5
2026-06-17 20:00:00,Bhawarkua,169.28,3.44,0,98.4
2026-06-18 00:00:00,Rajwada Central,100.39,3.86,0,97.4
2026-06-18 00:00:00,Vijay Nagar,175.52,3.39,0,97.2
2026-06-18 00:00:00,Palasia,127.41,4.45,0,98.0
2026-06-18 00:00:00,Sudama Nagar,107.75,3.87,0,97.8
2026-06-18 00:00:00,Bhawarkua,92.1,3.97,0,97.7
2026-06-18 04:00:00,Rajwada Central,245.82,4.09,0,98.6
2026-06-18 04:00:00,Vijay Nagar,398.82,3.69,0,95.9
2026-06-18 04:00:00,Palasia,303.31,4.48,0,97.8
2026-06-18 04:00:00,Sudama Nagar,257.65,4.27,0,96.8
2026-06-18 04:00:00,Bhawarkua,264.36,3.79,0,99.4
2026-06-18 08:00:00,Rajwada Central,246.28,4.54,0,95.7
2026-06-18 08:00:00,Vijay Nagar,398.02,3.52,0,98.3
2026-06-18 08:00:00,Palasia,319.84,4.6,0,96.4
2026-06-18 08:00:00,Sudama Nagar,260.84,4.02,0,96.9
2026-06-18 08:00:00,Bhawarkua,241.33,3.75,0,97.4
2026-06-18 12:00:00,Rajwada Central,100.46,3.53,0,94.0
2026-06-18 12:00:00,Vijay Nagar,157.52,4.35,0,97.3
2026-06-18 12:00:00,Palasia,111.09,3.47,0,98.4
2026-06-18 12:00:00,Sudama Nagar,78.08,4.23,0,97.7
2026-06-18 12:00:00,Bhawarkua,117.54,3.81,0,98.1
2026-06-18 16:00:00,Rajwada Central,196.32,3.6,0,97.2
2026-06-18 16:00:00,Vijay Nagar,295.2,3.68,0,97.3
2026-06-18 16:00:00,Palasia,218.29,4.11,0,99.6
2026-06-18 16:00:00,Sudama Nagar,177.07,3.97,0,98.7
2026-06-18 16:00:00,Bhawarkua,194.63,3.81,0,97.8
2026-06-18 20:00:00,Rajwada Central,144.09,3.7,0,98.3
2026-06-18 20:00:00,Vijay Nagar,289.56,3.94,0,95.9
2026-06-18 20:00:00,Palasia,219.3,3.25,0,96.6
2026-06-18 20:00:00,Sudama Nagar,185.11,4.07,0,96.0
2026-06-18 20:00:00,Bhawarkua,162.37,3.89,0,95.4
2026-06-19 00:00:00,Rajwada Central,88.71,4.04,0,96.0
2026-06-19 00:00:00,Vijay Nagar,176.72,3.69,0,96.3
2026-06-19 00:00:00,Palasia,136.92,4.21,0,97.6
2026-06-19 00:00:00,Sudama Nagar,90.26,4.18,0,98.0
2026-06-19 00:00:00,Bhawarkua,103.22,3.99,0,97.7
2026-06-19 04:00:00,Rajwada Central,243.89,4.12,0,97.1
2026-06-19 04:00:00,Vijay Nagar,385.07,3.82,0,99.5
2026-06-19 04:00:00,Palasia,293.55,4.47,0,97.8
2026-06-19 04:00:00,Sudama Nagar,245.21,3.5,0,97.0
2026-06-19 04:00:00,Bhawarkua,235.84,4.36,0,96.2
2026-06-19 08:00:00,Rajwada Central,241.49,4.07,0,96.2
2026-06-19 08:00:00,Vijay Nagar,414.7,3.91,0,94.7
2026-06-19 08:00:00,Palasia,318.61,4.24,0,98.7
2026-06-19 08:00:00,Sudama Nagar,251.43,4.35,0,97.6
2026-06-19 08:00:00,Bhawarkua,233.29,3.77,0,94.2
2026-06-19 12:00:00,Rajwada Central,95.32,4.2,0,95.1
2026-06-19 12:00:00,Vijay Nagar,176.81,3.97,0,95.9
2026-06-19 12:00:00,Palasia,107.72,4.5,0,98.4
2026-06-19 12:00:00,Sudama Nagar,93.08,4.28,0,96.7
2026-06-19 12:00:00,Bhawarkua,90.67,3.8,0,96.7
2026-06-19 16:00:00,Rajwada Central,174.74,4.02,0,98.9
2026-06-19 16:00:00,Vijay Nagar,323.02,3.64,0,97.6
2026-06-19 16:00:00,Palasia,234.84,4.16,0,96.5
2026-06-19 16:00:00,Sudama Nagar,186.05,3.59,0,100.0
2026-06-19 16:00:00,Bhawarkua,183.01,4.22,0,95.7
2026-06-19 20:00:00,Rajwada Central,171.18,3.56,0,98.7
2026-06-19 20:00:00,Vijay Nagar,282.36,3.94,0,96.8
2026-06-19 20:00:00,Palasia,238.0,3.61,0,98.0
2026-06-19 20:00:00,Sudama Nagar,194.46,3.8,0,97.0
2026-06-19 20:00:00,Bhawarkua,187.04,4.08,0,95.8
2026-06-20 00:00:00,Rajwada Central,106.34,4.45,0,98.8
2026-06-20 00:00:00,Vijay Nagar,168.18,4.23,0,96.5
2026-06-20 00:00:00,Palasia,115.71,3.98,0,99.7
2026-06-20 00:00:00,Sudama Nagar,91.55,4.13,0,97.5
2026-06-20 00:00:00,Bhawarkua,93.43,4.45,0,98.9
2026-06-20 04:00:00,Rajwada Central,276.8,3.76,0,97.5
2026-06-20 04:00:00,Vijay Nagar,404.26,3.79,0,96.2
2026-06-20 04:00:00,Palasia,318.8,3.86,0,95.8
2026-06-20 04:00:00,Sudama Nagar,246.28,3.67,0,96.4
2026-06-20 04:00:00,Bhawarkua,249.14,3.96,0,96.7
2026-06-20 08:00:00,Rajwada Central,266.51,4.42,0,97.1
2026-06-20 08:00:00,Vijay Nagar,391.03,4.24,0,100.0
2026-06-20 08:00:00,Palasia,333.18,3.61,0,96.8
2026-06-20 08:00:00,Sudama Nagar,236.0,3.72,0,98.4
2026-06-20 08:00:00,Bhawarkua,258.17,4.53,0,97.8
2026-06-20 12:00:00,Rajwada Central,97.38,4.06,0,95.9
2026-06-20 12:00:00,Vijay Nagar,177.72,3.78,0,96.5
2026-06-20 12:00:00,Palasia,123.08,3.08,0,98.0
2026-06-20 12:00:00,Sudama Nagar,86.55,4.21,0,96.5
2026-06-20 12:00:00,Bhawarkua,92.43,3.67,0,98.7
2026-06-20 16:00:00,Rajwada Central,198.85,4.3,0,97.3
2026-06-20 16:00:00,Vijay Nagar,297.31,4.33,0,96.8
2026-06-20 16:00:00,Palasia,248.13,3.71,0,98.2
2026-06-20 16:00:00,Sudama Nagar,194.94,3.67,0,96.0
2026-06-20 16:00:00,Bhawarkua,178.99,4.13,0,96.3
2026-06-20 20:00:00,Rajwada Central,180.63,3.38,0,97.9
2026-06-20 20:00:00,Vijay Nagar,305.42,4.46,0,97.7
2026-06-20 20:00:00,Palasia,227.88,3.7,0,96.0
2026-06-20 20:00:00,Sudama Nagar,178.45,3.75,0,96.1
2026-06-20 20:00:00,Bhawarkua,179.07,3.52,0,95.8
2026-06-21 00:00:00,Rajwada Central,100.54,4.08,0,98.0
2026-06-21 00:00:00,Vijay Nagar,163.14,4.01,0,97.8
2026-06-21 00:00:00,Palasia,129.0,3.71,0,96.0
2026-06-21 00:00:00,Sudama Nagar,118.04,4.97,0,97.9
2026-06-21 00:00:00,Bhawarkua,85.82,4.57,0,96.5
2026-06-21 04:00:00,Rajwada Central,249.9,3.99,0,97.2
2026-06-21 04:00:00,Vijay Nagar,397.92,4.39,0,96.8
2026-06-21 04:00:00,Palasia,324.15,4.18,0,96.9
2026-06-21 04:00:00,Sudama Nagar,226.74,3.75,0,97.9
2026-06-21 04:00:00,Bhawarkua,248.49,3.76,0,97.1
2026-06-21 08:00:00,Rajwada Central,247.32,4.17,0,99.2
2026-06-21 08:00:00,Vijay Nagar,375.81,4.36,0,97.3
2026-06-21 08:00:00,Palasia,304.44,4.05,0,98.7
2026-06-21 08:00:00,Sudama Nagar,265.75,3.69,0,96.0
2026-06-21 08:00:00,Bhawarkua,229.28,4.07,0,97.3
2026-06-21 12:00:00,Rajwada Central,109.77,4.13,0,98.1
2026-06-21 12:00:00,Vijay Nagar,144.64,4.53,0,98.6
2026-06-21 12:00:00,Palasia,120.37,3.76,0,97.9
2026-06-21 12:00:00,Sudama Nagar,79.18,3.78,0,95.8
2026-06-21 12:00:00,Bhawarkua,96.76,3.87,0,96.1
2026-06-21 16:00:00,Rajwada Central,168.92,3.81,0,95.6
2026-06-21 16:00:00,Vijay Nagar,302.19,4.34,0,97.5
2026-06-21 16:00:00,Palasia,248.91,3.75,0,96.1
2026-06-21 16:00:00,Sudama Nagar,184.83,4.17,0,97.0
2026-06-21 16:00:00,Bhawarkua,179.22,3.68,0,93.8
2026-06-21 20:00:00,Rajwada Central,186.21,4.29,0,96.5
2026-06-21 20:00:00,Vijay Nagar,289.05,3.8,0,96.5
2026-06-21 20:00:00,Palasia,244.39,3.72,0,97.8
2026-06-21 20:00:00,Sudama Nagar,173.55,3.4,0,96.6
2026-06-21 20:00:00,Bhawarkua,199.19,3.79,0,96.7
2026-06-22 00:00:00,Rajwada Central,98.02,4.06,0,98.9
2026-06-22 00:00:00,Vijay Nagar,151.76,4.0,0,97.9
2026-06-22 00:00:00,Palasia,118.15,4.02,0,98.2
2026-06-22 00:00:00,Sudama Nagar,91.68,3.95,0,95.6
2026-06-22 00:00:00,Bhawarkua,109.28,4.05,0,96.5
2026-06-22 04:00:00,Rajwada Central,241.1,4.0,0,97.4
2026-06-22 04:00:00,Vijay Nagar,395.37,3.83,0,96.7
2026-06-22 04:00:00,Palasia,318.61,4.48,0,96.0
2026-06-22 04:00:00,Sudama Nagar,224.96,4.42,0,95.9
2026-06-22 04:00:00,Bhawarkua,262.41,4.37,0,97.7
2026-06-22 08:00:00,Rajwada Central,259.39,3.45,0,95.4
2026-06-22 08:00:00,Vijay Nagar,406.61,3.88,0,96.1
2026-06-22 08:00:00,Palasia,326.5,4.08,0,98.3
2026-06-22 08:00:00,Sudama Nagar,240.34,4.0,0,98.8
2026-06-22 08:00:00,Bhawarkua,229.4,3.97,0,96.0
2026-06-22 12:00:00,Rajwada Central,118.27,4.72,0,97.3
2026-06-22 12:00:00,Vijay Nagar,167.19,3.97,0,96.8
2026-06-22 12:00:00,Palasia,127.72,3.6,0,97.8
2026-06-22 12:00:00,Sudama Nagar,86.1,3.89,0,97.0
2026-06-22 12:00:00,Bhawarkua,88.77,4.18,0,96.4
2026-06-22 16:00:00,Rajwada Central,192.31,3.74,0,96.8
2026-06-22 16:00:00,Vijay Nagar,282.82,4.29,0,96.6
2026-06-22 16:00:00,Palasia,225.63,3.94,0,96.9
2026-06-22 16:00:00,Sudama Nagar,184.38,4.16,0,96.8
2026-06-22 16:00:00,Bhawarkua,179.05,3.07,0,96.5
2026-06-22 20:00:00,Rajwada Central,196.69,4.13,0,95.7
2026-06-22 20:00:00,Vijay Nagar,291.03,3.82,0,98.3
2026-06-22 20:00:00,Palasia,243.94,3.77,0,97.0
2026-06-22 20:00:00,Sudama Nagar,165.91,3.81,0,96.3
2026-06-22 20:00:00,Bhawarkua,171.09,4.11,0,98.6
2026-06-23 00:00:00,Rajwada Central,97.2,3.68,0,97.2
2026-06-23 00:00:00,Vijay Nagar,163.79,3.94,0,99.2
2026-06-23 00:00:00,Palasia,129.65,4.17,0,94.3
2026-06-23 00:00:00,Sudama Nagar,86.37,4.15,0,97.3
2026-06-23 00:00:00,Bhawarkua,93.38,4.14,0,98.1
2026-06-23 04:00:00,Rajwada Central,239.13,3.81,0,96.7
2026-06-23 04:00:00,Vijay Nagar,409.18,3.83,0,98.0
2026-06-23 04:00:00,Palasia,311.02,3.83,0,99.8
2026-06-23 04:00:00,Sudama Nagar,229.98,4.23,0,94.8
2026-06-23 04:00:00,Bhawarkua,252.7,4.81,0,98.3
2026-06-23 08:00:00,Rajwada Central,260.86,3.97,0,98.1
2026-06-23 08:00:00,Vijay Nagar,406.18,4.61,0,95.7
2026-06-23 08:00:00,Palasia,331.05,4.13,0,95.9
2026-06-23 08:00:00,Sudama Nagar,241.51,3.52,0,93.1
2026-06-23 08:00:00,Bhawarkua,230.41,3.88,0,97.1
2026-06-23 12:00:00,Rajwada Central,82.2,3.91,0,97.3
2026-06-23 12:00:00,Vijay Nagar,154.36,3.68,0,96.1
2026-06-23 12:00:00,Palasia,142.76,3.48,0,98.4
2026-06-23 12:00:00,Sudama Nagar,114.3,3.89,0,97.6
2026-06-23 12:00:00,Bhawarkua,88.55,4.08,0,99.7
2026-06-23 16:00:00,Rajwada Central,194.77,3.85,0,95.4
2026-06-23 16:00:00,Vijay Nagar,292.16,4.08,0,97.9
2026-06-23 16:00:00,Palasia,231.01,4.54,0,97.0
2026-06-23 16:00:00,Sudama Nagar,173.82,4.16,0,97.8
2026-06-23 16:00:00,Bhawarkua,170.37,3.72,0,95.0
2026-06-23 20:00:00,Rajwada Central,176.05,4.37,0,97.8
2026-06-23 20:00:00,Vijay Nagar,309.17,3.8,0,96.8
2026-06-23 20:00:00,Palasia,209.45,4.3,0,98.6
2026-06-23 20:00:00,Sudama Nagar,166.72,4.49,0,96.7
2026-06-23 20:00:00,Bhawarkua,166.52,3.91,0,97.8
2026-06-24 00:00:00,Rajwada Central,97.27,3.83,0,97.7
2026-06-24 00:00:00,Vijay Nagar,169.49,3.95,0,96.6
2026-06-24 00:00:00,Palasia,120.17,4.14,0,95.1
2026-06-24 00:00:00,Sudama Nagar,88.77,3.95,0,96.1
2026-06-24 00:00:00,Bhawarkua,100.97,4.05,0,100.0
2026-06-24 04:00:00,Rajwada Central,235.66,4.0,0,95.9
2026-06-24 04:00:00,Vijay Nagar,426.48,4.51,0,95.1
2026-06-24 04:00:00,Palasia,314.83,4.01,0,96.6
2026-06-24 04:00:00,Sudama Nagar,238.99,4.23,0,99.1
2026-06-24 04:00:00,Bhawarkua,254.48,4.26,0,96.6
2026-06-24 08:00:00,Rajwada Central,257.01,4.3,0,96.4
2026-06-24 08:00:00,Vijay Nagar,400.4,3.53,0,95.4
2026-06-24 08:00:00,Palasia,311.6,3.68,0,98.0
2026-06-24 08:00:00,Sudama Nagar,242.89,4.16,0,95.5
2026-06-24 08:00:00,Bhawarkua,260.39,4.15,0,97.5
2026-06-24 12:00:00,Rajwada Central,109.28,4.1,0,95.8
2026-06-24 12:00:00,Vijay Nagar,168.8,3.76,0,97.3
2026-06-24 12:00:00,Palasia,117.45,4.5,0,97.8
2026-06-24 12:00:00,Sudama Nagar,110.01,3.77,0,97.4
2026-06-24 12:00:00,Bhawarkua,100.2,4.03,0,94.7
2026-06-24 16:00:00,Rajwada Central,203.09,3.99,0,97.6
2026-06-24 16:00:00,Vijay Nagar,279.9,4.44,0,98.7
2026-06-24 16:00:00,Palasia,242.57,4.08,0,99.8
2026-06-24 16:00:00,Sudama Nagar,191.32,3.59,0,97.3
2026-06-24 16:00:00,Bhawarkua,186.53,4.03,0,97.7
2026-06-24 20:00:00,Rajwada Central,196.81,3.94,0,96.5
2026-06-24 20:00:00,Vijay Nagar,282.65,3.44,0,96.6
2026-06-24 20:00:00,Palasia,224.19,3.94,0,96.3
2026-06-24 20:00:00,Sudama Nagar,166.63,3.83,0,97.6
2026-06-24 20:00:00,Bhawarkua,173.1,3.94,0,99.5
2026-06-25 00:00:00,Rajwada Central,110.82,4.07,0,97.3
2026-06-25 00:00:00,Vijay Nagar,152.76,3.87,0,96.7
2026-06-25 00:00:00,Palasia,127.98,3.99,0,95.6
2026-06-25 00:00:00,Sudama Nagar,105.07,3.83,0,99.3
2026-06-25 00:00:00,Bhawarkua,112.92,3.5,0,96.7
